WMO,Cycle,Category,CYCLE_NUMBER
1901339,112,3,112
1901339,178,4,178
1901339,325,2,325
1901339,376,2,376
1901339,410,1,410
1901339,431,2,431
1901339,448,2,448
1901339,465,0,465
1901339,481,2,481
1901339,513,1,513
1901339,529,1,529
1901339,536,4,536
1901339,560,1,560
1901339,576,1,576
1901339,605,3,605
1901339,623,1,623
1901339,637,1,637
1901339,652,2,652
1901339,682,1,682
1901348,52,2,52
1901348,56,2,56
1902332,178,0,178
1902332,1,0,1
1902332,176,0,176
1902332,10,2,10
1902332,188,0,188
1902332,100,1,100
1902332,189,3,189
1902332,101,2,101
1902332,198,2,198
1902332,102,1,102
1902332,2,1,2
1902332,103,2,103
1902332,201,0,201
1902332,104,2,104
1902332,23,0,23
1902332,107,2,107
1902332,24,3,24
1902332,11,2,11
1902332,25,3,25
1902332,110,2,110
1902332,26,2,26
1902332,112,2,112
1902332,28,2,28
1902332,113,1,113
1902332,29,2,29
1902332,117,2,117
1902332,3,2,3
1902332,118,2,118
1902332,30,2,30
1902332,12,2,12
1902332,31,1,31
1902332,124,2,124
1902332,32,2,32
1902332,125,2,125
1902332,37,2,37
1902332,143,1,143
1902332,39,2,39
1902332,144,0,144
1902332,4,2,4
1902332,146,1,146
1902332,48,1,48
1902332,147,2,147
1902332,49,0,49
1902332,148,3,148
1902332,5,2,5
1902332,149,2,149
1902332,50,0,50
1902332,15,2,15
1902332,51,0,51
1902332,150,0,150
1902332,52,0,52
1902332,151,0,151
1902332,53,0,53
1902332,152,0,152
1902332,56,0,56
1902332,153,3,153
1902332,58,1,58
1902332,154,2,154
1902332,59,1,59
1902332,155,1,155
1902332,6,2,6
1902332,156,1,156
1902332,60,1,60
1902332,157,0,157
1902332,65,1,65
1902332,158,2,158
1902332,67,0,67
1902332,159,1,159
1902332,8,1,8
1902332,16,2,16
1902332,84,0,84
1902332,160,1,160
1902332,87,0,87
1902332,161,0,161
1902332,89,0,89
1902332,164,0,164
1902332,95,0,95
1902332,165,0,165
1902332,96,0,96
1902332,172,0,172
1902332,175,0,175
1902332,190,0,190
1902332,194,0,194
1902332,195,0,195
1902332,197,0,197
1902380,3,2,3
1902380,4,2,4
1902380,43,0,43
1902380,5,2,5
1902380,75,0,75
1902380,80,2,80
1902380,81,0,81
1902381,45,2,45
1902382,16,2,16
1902382,17,0,17
1902382,47,0,47
1902382,55,1,55
1902382,74,1,74
1902382,80,0,80
1902382,81,2,81
1902382,82,0,82
1902382,9,0,9
1902384,16,2,16
1902384,32,0,32
1902384,58,3,58
1902384,83,0,83
1902453,2,2,2
1902453,24,3,24
1902454,25,3,25
1902454,32,0,32
1902455,10,0,10
1902455,11,0,11
1902455,3,0,3
1902455,34,0,34
1902457,14,0,14
1902457,19,0,19
1902457,22,0,22
1902457,30,0,30
1902457,5,0,5
1902593,1,0,1
1902593,10,0,10
1902593,11,0,11
1902593,12,0,12
1902593,13,0,13
1902593,14,2,14
1902593,15,0,15
1902593,21,1,21
1902593,26,0,26
1902593,27,0,27
1902593,28,0,28
1902593,29,0,29
1902593,33,2,33
1902593,34,2,34
1902593,35,0,35
1902593,36,0,36
1902593,37,0,37
1902593,39,2,39
1902593,43,0,43
1902593,44,0,44
1902593,46,2,46
1902593,47,1,47
1902593,48,2,48
1902593,5,0,5
1902593,7,0,7
1902644,14,0,14
1902646,13,0,13
1902646,18,0,18
2902091,3,0,3
2902091,9,0,9
2902093,117,3,117
2902093,121,0,121
2902093,122,0,122
2902093,125,0,125
2902093,157,0,157
2902093,176,2,176
2902093,31,0,31
2902093,43,0,43
2902093,45,0,45
2902093,46,0,46
2902093,50,0,50
2902093,53,0,53
2902093,54,0,54
2902093,55,0,55
2902093,75,0,75
2902093,77,0,77
2902093,79,0,79
2902093,80,0,80
2902093,91,0,91
2902158,125,4,125
2902271,101,0,101
2902272,106,0,106
2902272,159,2,159
2902272,87,0,87
2902277,128,2,128
2902762,18,0,18
2902762,1,0,1
2902762,179,0,179
2902762,10,0,10
2902762,180,0,180
2902762,101,0,101
2902762,182,0,182
2902762,108,2,108
2902762,188,0,188
2902762,11,0,11
2902762,189,0,189
2902762,110,0,110
2902762,19,0,19
2902762,112,0,112
2902762,191,0,191
2902762,113,0,113
2902762,192,0,192
2902762,114,0,114
2902762,194,0,194
2902762,115,0,115
2902762,195,0,195
2902762,117,0,117
2902762,196,0,196
2902762,119,0,119
2902762,197,0,197
2902762,12,0,12
2902762,198,0,198
2902762,124,0,124
2902762,199,0,199
2902762,125,0,125
2902762,2,0,2
2902762,127,0,127
2902762,200,0,200
2902762,128,0,128
2902762,201,0,201
2902762,129,0,129
2902762,202,0,202
2902762,131,0,131
2902762,203,0,203
2902762,132,0,132
2902762,204,0,204
2902762,133,0,133
2902762,205,0,205
2902762,134,0,134
2902762,206,0,206
2902762,135,0,135
2902762,22,0,22
2902762,136,0,136
2902762,25,0,25
2902762,139,0,139
2902762,26,0,26
2902762,14,0,14
2902762,28,0,28
2902762,140,0,140
2902762,3,0,3
2902762,141,3,141
2902762,31,0,31
2902762,142,0,142
2902762,32,0,32
2902762,15,0,15
2902762,35,0,35
2902762,16,0,16
2902762,36,0,36
2902762,163,0,163
2902762,38,0,38
2902762,165,0,165
2902762,39,0,39
2902762,169,0,169
2902762,4,0,4
2902762,17,0,17
2902762,40,0,40
2902762,171,0,171
2902762,41,0,41
2902762,172,0,172
2902762,42,0,42
2902762,174,0,174
2902762,43,0,43
2902762,176,0,176
2902762,44,0,44
2902762,177,0,177
2902762,46,0,46
2902762,178,0,178
2902762,184,0,184
2902762,47,0,47
2902762,185,0,185
2902762,48,0,48
2902762,186,0,186
2902762,49,0,49
2902762,187,0,187
2902762,5,0,5
2902762,50,0,50
2902762,51,0,51
2902762,52,0,52
2902762,53,0,53
2902762,55,0,55
2902762,56,0,56
2902762,57,0,57
2902762,58,0,58
2902762,59,0,59
2902762,60,0,60
2902762,61,0,61
2902762,62,0,62
2902762,65,0,65
2902762,66,0,66
2902762,67,0,67
2902762,69,0,69
2902762,7,0,7
2902762,71,0,71
2902762,72,0,72
2902762,73,0,73
2902762,74,0,74
2902762,75,0,75
2902762,78,0,78
2902762,79,0,79
2902762,8,0,8
2902762,80,0,80
2902762,82,0,82
2902762,83,0,83
2902762,84,0,84
2902762,85,0,85
2902762,86,0,86
2902762,87,0,87
2902762,88,0,88
2902762,89,0,89
2902762,9,0,9
2902762,90,0,90
2902762,91,0,91
2902762,92,0,92
2902762,93,0,93
2902762,94,0,94
2902762,95,0,95
2902762,96,0,96
2902762,97,0,97
2902762,98,0,98
2903213,1,3,1
2903213,2,2,2
2903329,10,0,10
2903329,9,3,9
2903329,11,0,11
2903329,13,0,13
2903329,15,0,15
2903329,16,0,16
2903329,18,0,18
2903329,30,0,30
2903329,31,0,31
2903329,34,0,34
2903329,38,0,38
2903329,39,0,39
2903329,40,2,40
2903329,41,0,41
2903329,42,0,42
2903329,47,0,47
2903329,48,0,48
2903329,49,0,49
2903329,50,0,50
2903329,51,0,51
2903329,52,0,52
2903329,53,0,53
2903329,54,0,54
2903329,55,0,55
2903329,56,0,56
2903329,57,0,57
2903329,58,0,58
2903329,59,0,59
2903329,60,0,60
2903329,61,0,61
2903329,7,0,7
2903329,72,0,72
2903329,73,0,73
2903329,74,0,74
2903329,75,0,75
2903329,76,0,76
2903329,77,3,77
2903329,79,2,79
2903329,8,0,8
2903329,80,0,80
2903329,81,1,81
2903329,82,2,82
2903330,1,0,1
2903330,10,0,10
2903330,11,0,11
2903330,14,0,14
2903330,16,0,16
2903330,19,0,19
2903330,2,0,2
2903330,20,0,20
2903330,21,0,21
2903330,26,0,26
2903330,28,2,28
2903330,29,0,29
2903330,3,0,3
2903330,30,0,30
2903330,31,0,31
2903330,33,0,33
2903330,36,2,36
2903330,38,0,38
2903330,39,0,39
2903330,40,2,40
2903330,41,0,41
2903330,42,0,42
2903330,46,0,46
2903330,50,3,50
2903330,51,0,51
2903330,52,0,52
2903330,53,0,53
2903330,56,0,56
2903330,57,0,57
2903330,58,0,58
2903330,59,0,59
2903330,62,0,62
2903330,63,0,63
2903330,71,1,71
2903330,74,2,74
2903330,75,2,75
2903330,8,2,8
2903330,81,2,81
2903330,82,2,82
2903392,30,0,30
2903392,10,2,10
2903392,29,0,29
2903392,101,2,101
2903392,32,0,32
2903392,105,0,105
2903392,76,1,76
2903392,106,1,106
2903392,89,1,89
2903392,11,0,11
2903392,9,0,9
2903392,114,0,114
2903392,92,2,92
2903392,115,0,115
2903392,93,1,93
2903392,117,0,117
2903392,94,2,94
2903392,119,0,119
2903392,99,2,99
2903392,124,0,124
2903392,130,2,130
2903392,131,1,131
2903392,132,2,132
2903392,133,1,133
2903392,134,2,134
2903392,136,2,136
2903392,137,2,137
2903392,138,0,138
2903392,140,2,140
2903392,142,2,142
2903392,143,2,143
2903392,144,2,144
2903392,145,2,145
2903392,146,2,146
2903392,148,3,148
2903392,149,2,149
2903392,150,3,150
2903392,151,0,151
2903392,155,0,155
2903392,156,2,156
2903392,157,3,157
2903392,158,2,158
2903392,159,2,159
2903392,160,2,160
2903392,161,2,161
2903392,162,2,162
2903392,163,2,163
2903392,164,1,164
2903392,165,1,165
2903392,166,2,166
2903392,24,0,24
2903392,77,2,77
2903392,78,2,78
2903392,84,0,84
2903392,88,0,88
2903393,101,0,101
2903393,102,0,102
2903393,103,0,103
2903393,108,0,108
2903393,111,0,111
2903393,112,2,112
2903393,113,0,113
2903393,115,2,115
2903393,116,2,116
2903393,132,0,132
2903393,137,0,137
2903393,139,0,139
2903393,145,0,145
2903393,151,0,151
2903393,16,0,16
2903393,29,2,29
2903393,36,0,36
2903393,46,0,46
2903393,47,0,47
2903393,55,0,55
2903393,58,0,58
2903393,60,2,60
2903393,61,2,61
2903393,84,0,84
2903393,85,0,85
2903395,1,0,1
2903395,101,2,101
2903395,12,0,12
2903395,125,0,125
2903395,127,0,127
2903395,129,1,129
2903395,131,2,131
2903395,144,1,144
2903395,146,0,146
2903395,149,1,149
2903395,155,2,155
2903395,158,1,158
2903395,159,2,159
2903395,160,2,160
2903395,161,1,161
2903395,162,2,162
2903395,164,1,164
2903395,166,1,166
2903395,167,1,167
2903395,168,1,168
2903395,3,0,3
2903395,4,0,4
2903395,48,0,48
2903395,52,0,52
2903395,53,2,53
2903395,54,3,54
2903395,55,2,55
2903395,6,3,6
2903395,7,0,7
2903395,70,1,70
2903395,8,2,8
2903395,87,2,87
2903395,92,2,92
2903395,99,2,99
2903396,14,2,14
2903396,17,3,17
2903451,10,0,10
2903451,42,3,42
2903451,8,0,8
2903454,20,2,20
2903455,18,1,18
2903455,21,1,21
2903455,22,1,22
2903455,24,1,24
2903456,1,1,1
2903456,20,1,20
2903456,28,1,28
2903456,29,2,29
2903456,30,1,30
2903456,6,1,6
2903459,10,0,10
2903459,21,0,21
2903459,23,0,23
2903459,29,0,29
2903459,8,0,8
2903461,16,2,16
2903461,19,3,19
2903461,20,0,20
2903461,25,0,25
2903461,30,3,30
2903461,8,2,8
2903462,1,2,1
2903462,10,0,10
2903462,13,2,13
2903462,2,0,2
2903462,21,0,21
2903462,26,0,26
2903462,28,0,28
2903462,30,0,30
2903462,35,0,35
2903462,5,0,5
2903462,7,0,7
2903463,14,0,14
2903463,18,0,18
2903463,19,0,19
2903463,2,2,2
2903463,26,0,26
2903463,27,2,27
2903463,31,0,31
2903463,34,0,34
2903463,4,2,4
2903463,6,2,6
2903463,7,1,7
2903464,22,0,22
2903464,6,0,6
2903465,24,2,24
2903465,25,0,25
2903465,30,0,30
2903465,31,0,31
2903467,11,4,11
2903467,29,2,29
2903468,24,2,24
2903468,27,2,27
2903468,28,0,28
2903468,30,1,30
2903473,2,1,2
2903666,101,0,101
2903666,123,0,123
2903666,129,0,129
2903666,14,0,14
2903666,176,0,176
2903666,178,0,178
2903666,185,0,185
2903666,21,0,21
2903666,26,0,26
2903783,18,0,18
2903783,19,0,19
2903783,20,2,20
2903783,22,0,22
2903783,23,0,23
2903783,24,0,24
2903783,25,0,25
2903783,26,0,26
2903783,28,0,28
2903783,30,0,30
2903783,31,0,31
2903783,35,0,35
2903783,36,0,36
2903783,38,0,38
2903783,39,0,39
2903783,41,0,41
2903783,42,2,42
2903783,44,0,44
2903783,45,0,45
2903783,46,3,46
2903783,48,0,48
2903783,49,0,49
2903783,50,0,50
2903783,52,0,52
2903783,53,0,53
2903783,7,0,7
2903854,14,2,14
2903854,21,0,21
2903856,15,2,15
2903856,17,0,17
2903856,18,0,18
2903862,16,0,16
2903862,17,0,17
2903862,18,0,18
2903862,6,0,6
3901497,11,0,11
3901497,12,0,12
3901497,13,0,13
3901497,14,0,14
3901497,182,2,182
3901497,244,0,244
3901497,271,2,271
3901498,10,2,10
3901498,100,0,100
3901498,101,0,101
3901498,104,0,104
3901498,105,0,105
3901498,107,0,107
3901498,110,0,110
3901498,112,2,112
3901498,140,1,140
3901498,175,0,175
3901498,176,0,176
3901498,190,2,190
3901498,219,1,219
3901498,260,0,260
3901498,27,0,27
3901498,282,0,282
3901498,96,0,96
3901498,99,0,99
3902120,108,4,108
3902120,157,4,157
3902120,204,4,204
3902120,211,4,211
3902120,237,4,237
3902120,248,4,248
3902120,280,4,280
3902120,29,0,29
3902121,106,4,106
3902121,108,4,108
3902121,120,4,120
3902121,133,4,133
3902121,150,4,150
3902121,165,4,165
3902121,177,4,177
3902121,229,4,229
3902121,231,4,231
3902121,253,4,253
3902121,262,4,262
3902121,274,4,274
3902121,289,4,289
3902121,313,4,313
3902121,321,4,321
3902121,329,4,329
3902121,51,0,51
3902121,58,0,58
3902121,77,0,77
3902122,110,1,110
3902122,112,2,112
3902122,116,1,116
3902122,117,2,117
3902122,120,1,120
3902122,123,2,123
3902122,137,2,137
3902122,165,0,165
3902122,177,0,177
3902122,191,2,191
3902122,207,2,207
3902122,219,2,219
3902122,227,0,227
3902122,233,2,233
3902122,267,0,267
3902122,281,2,281
3902122,285,0,285
3902122,322,0,322
3902122,33,1,33
3902122,34,1,34
3902123,109,0,109
3902123,121,2,121
3902123,144,2,144
3902123,181,0,181
3902123,59,0,59
3902123,90,0,90
3902123,98,0,98
3902124,107,0,107
3902124,113,0,113
3902124,135,0,135
3902124,148,3,148
3902124,155,0,155
3902124,269,0,269
3902124,28,0,28
3902124,282,0,282
3902124,288,0,288
3902124,306,0,306
3902124,331,3,331
3902124,342,0,342
3902124,354,0,354
3902124,360,0,360
3902124,366,0,366
3902124,373,0,373
3902124,50,0,50
3902124,70,0,70
3902124,81,0,81
3902125,114,0,114
3902125,138,0,138
3902125,154,2,154
3902125,175,2,175
3902125,184,0,184
3902125,187,3,187
3902125,199,0,199
3902125,222,0,222
3902125,225,0,225
3902125,232,0,232
3902125,237,0,237
3902125,249,0,249
3902125,255,2,255
3902125,49,0,49
3902125,69,0,69
3902498,10,0,10
3902498,12,0,12
3902498,13,0,13
3902498,14,0,14
3902498,15,1,15
3902498,16,0,16
3902498,17,0,17
3902498,18,0,18
3902498,19,2,19
3902498,20,0,20
3902498,21,2,21
3902498,25,0,25
3902498,26,0,26
3902498,27,0,27
3902498,29,0,29
3902498,34,0,34
3902498,38,0,38
3902498,39,0,39
3902498,42,0,42
3902498,43,0,43
3902498,44,0,44
3902498,45,0,45
3902498,46,0,46
3902498,9,0,9
3902589,1,2,1
3902589,2,0,2
3902589,3,0,3
3902589,4,0,4
3902589,5,3,5
3902589,7,0,7
4901802,30,1,30
4901802,34,1,34
4901802,44,1,44
4901802,46,1,46
4901802,49,1,49
4901802,50,1,50
4901802,51,1,51
4901802,52,1,52
4901802,53,1,53
4901802,54,1,54
4901802,61,1,61
4901802,62,1,62
4901802,65,1,65
4901802,66,1,66
4901802,67,1,67
4901802,68,1,68
4901802,69,1,69
4901802,70,1,70
4901802,71,1,71
4901802,73,1,73
4901802,74,1,74
4901802,75,1,75
4901802,83,1,83
4901802,87,1,87
4901802,88,1,88
4901802,89,1,89
4901802,90,2,90
4901802,93,2,93
4902437,122,0,122
4902437,2,0,2
4902437,20,0,20
4902437,36,2,36
4902437,37,2,37
4902437,42,0,42
4902437,47,0,47
4902437,89,0,89
4902602,167,0,167
4902602,170,0,170
4902602,177,0,177
4902602,179,0,179
4902602,180,0,180
4902602,184,0,184
4902602,190,0,190
4902602,202,0,202
4902602,217,0,217
4902602,227,0,227
4902602,229,0,229
4902602,232,0,232
4902602,247,0,247
4902630,100,0,100
4902630,107,4,107
4902630,108,4,108
4902630,109,4,109
4902630,110,4,110
4902630,15,4,15
4902630,2,4,2
4902630,24,4,24
4902630,77,4,77
4902630,79,4,79
4903274,98,2,98
4903365,1,2,1
4903365,100,0,100
4903365,11,1,11
4903365,12,1,12
4903365,13,1,13
4903365,15,1,15
4903365,16,1,16
4903365,39,1,39
4903365,45,1,45
4903365,48,1,48
4903365,51,1,51
4903365,71,1,71
4903365,75,1,75
4903365,77,1,77
4903365,84,1,84
4903365,85,1,85
4903365,86,1,86
4903365,99,3,99
4903456,30,1,30
4903456,4,0,4
4903456,41,0,41
4903458,15,0,15
4903458,54,0,54
4903459,24,3,24
4903459,25,1,25
4903459,48,0,48
4903459,8,0,8
4903462,26,3,26
4903462,3,2,3
4903463,31,2,31
4903463,46,0,46
4903463,48,3,48
4903463,54,2,54
4903486,23,3,23
4903486,34,2,34
4903489,10,0,10
4903499,1,2,1
4903499,11,2,11
4903499,12,2,12
4903499,15,0,15
4903499,18,0,18
4903499,19,0,19
4903499,2,0,2
4903499,22,0,22
4903499,39,0,39
4903499,4,0,4
4903499,41,0,41
4903499,42,0,42
4903499,43,0,43
4903499,47,0,47
4903499,48,0,48
4903499,49,0,49
4903499,5,0,5
4903499,7,0,7
4903500,12,1,12
4903500,13,0,13
4903500,16,0,16
4903500,17,0,17
4903500,18,0,18
4903500,2,0,2
4903500,22,0,22
4903500,25,0,25
4903500,27,0,27
4903500,28,0,28
4903500,29,0,29
4903500,3,0,3
4903500,30,0,30
4903500,34,0,34
4903500,35,0,35
4903500,4,0,4
4903500,41,0,41
4903500,47,0,47
4903500,5,0,5
4903500,52,0,52
4903500,53,0,53
4903500,55,0,55
4903500,56,0,56
4903500,8,0,8
4903500,9,0,9
4903532,1,0,1
4903532,3,1,3
4903587,10,2,10
4903587,11,0,11
4903587,14,0,14
4903587,2,0,2
4903587,20,0,20
4903587,26,0,26
4903587,3,0,3
4903587,32,0,32
4903587,40,0,40
4903587,5,0,5
4903587,50,2,50
4903587,51,0,51
4903587,52,0,52
4903587,9,0,9
4903657,10,0,10
4903657,11,0,11
4903657,13,0,13
4903657,14,0,14
4903657,15,0,15
4903657,16,2,16
4903657,17,0,17
4903657,18,0,18
4903657,19,2,19
4903657,2,0,2
4903657,21,2,21
4903657,22,0,22
4903657,23,0,23
4903657,3,0,3
4903657,4,0,4
4903657,5,0,5
4903657,6,0,6
4903657,7,0,7
4903657,8,0,8
4903657,9,0,9
4903744,1,2,1
4903744,3,2,3
4903744,6,2,6
5903274,186,2,186
5903586,117,2,117
5903586,121,2,121
5903586,123,2,123
5903586,124,1,124
5903586,126,1,126
5903586,128,1,128
5903586,137,1,137
5903586,154,2,154
5903586,18,0,18
5903586,188,1,188
5903586,51,1,51
5903586,52,2,52
5903586,53,1,53
5903586,54,1,54
5903586,58,1,58
5903592,110,0,110
5903592,111,0,111
5903592,13,1,13
5903592,48,1,48
5903592,67,1,67
5903593,115,0,115
5903593,118,0,118
5903593,125,2,125
5903593,131,0,131
5903593,133,2,133
5903593,134,0,134
5903593,137,3,137
5903593,141,1,141
5903593,144,3,144
5903593,192,3,192
5903593,196,1,196
5903593,212,0,212
5903593,264,2,264
5903593,44,0,44
5903593,47,2,47
5903593,48,2,48
5903593,49,2,49
5903593,51,2,51
5903593,52,2,52
5903593,53,2,53
5903593,54,3,54
5903593,55,2,55
5903593,60,0,60
5903593,61,1,61
5903593,62,0,62
5903593,65,0,65
5903593,68,0,68
5903593,69,0,69
5903593,70,0,70
5903593,75,0,75
5903593,77,0,77
5903593,78,2,78
5903593,83,0,83
5903629,32,4,32
5903629,92,0,92
5903649,11,0,11
5903649,12,0,12
5903649,15,2,15
5903649,171,4,171
5903649,2,0,2
5903649,337,2,337
5903649,339,4,339
5903649,340,4,340
5903649,341,4,341
5903649,342,4,342
5903649,343,2,343
5903649,347,2,347
5903649,350,0,350
5903649,352,4,352
5903649,356,4,356
5903649,357,2,357
5903649,359,4,359
5903649,360,4,360
5903649,361,4,361
5903649,362,4,362
5903649,363,2,363
5903649,364,4,364
5903649,365,2,365
5903649,366,2,366
5903649,367,2,367
5903649,370,2,370
5903649,376,2,376
5903649,377,4,377
5903649,379,4,379
5903649,382,4,382
5903649,389,2,389
5903649,395,2,395
5903649,40,0,40
5903649,55,1,55
5903649,56,1,56
5903679,14,1,14
5903679,314,1,314
5903679,315,2,315
5903679,388,4,388
5903679,393,0,393
5903711,90,4,90
5903718,128,2,128
5903718,129,1,129
5903718,134,1,134
5903718,135,1,135
5903718,136,1,136
5903718,148,2,148
5903718,151,2,151
5903718,43,1,43
5903718,49,1,49
5903718,52,2,52
5903718,63,2,63
5903718,74,0,74
5903887,224,1,224
5903887,227,1,227
5903887,28,2,28
5903887,50,4,50
5904021,208,2,208
5904021,47,2,47
5904105,108,1,108
5904105,20,1,20
5904105,22,1,22
5904105,23,1,23
5904105,27,0,27
5904105,28,0,28
5904105,99,1,99
5904179,106,1,106
5904179,114,1,114
5904179,117,0,117
5904179,122,1,122
5904179,123,1,123
5904179,124,1,124
5904179,129,1,129
5904179,130,1,130
5904179,135,1,135
5904179,136,1,136
5904179,139,0,139
5904179,148,2,148
5904179,149,2,149
5904179,164,1,164
5904179,166,0,166
5904179,171,1,171
5904179,173,2,173
5904179,175,2,175
5904179,176,0,176
5904179,222,0,222
5904179,31,4,31
5904179,32,0,32
5904179,33,0,33
5904179,34,0,34
5904179,38,2,38
5904179,42,2,42
5904179,46,2,46
5904179,66,2,66
5904179,67,1,67
5904179,74,1,74
5904179,75,2,75
5904179,80,0,80
5904179,81,2,81
5904179,82,1,82
5904179,84,2,84
5904179,86,2,86
5904185,103,0,103
5904185,109,2,109
5904185,131,0,131
5904185,133,0,133
5904185,134,0,134
5904185,135,0,135
5904185,136,1,136
5904185,138,2,138
5904185,142,0,142
5904185,144,0,144
5904185,146,2,146
5904185,149,1,149
5904185,155,2,155
5904185,156,1,156
5904185,161,1,161
5904185,36,1,36
5904185,37,0,37
5904185,44,1,44
5904185,61,1,61
5904185,63,1,63
5904185,65,1,65
5904185,86,0,86
5904188,102,1,102
5904188,131,1,131
5904188,138,2,138
5904188,142,1,142
5904188,165,2,165
5904188,167,1,167
5904188,18,2,18
5904396,10,1,10
5904396,12,1,12
5904396,120,1,120
5904396,127,1,127
5904396,128,4,128
5904396,13,1,13
5904396,20,2,20
5904396,21,2,21
5904396,4,2,4
5904396,5,2,5
5904396,79,2,79
5904396,9,2,9
5904471,100,2,100
5904471,103,2,103
5904471,119,2,119
5904471,123,0,123
5904472,101,2,101
5904473,19,2,19
5904473,21,0,21
5904473,57,2,57
5904474,131,2,131
5904474,134,2,134
5904475,13,1,13
5904475,176,2,176
5904475,214,4,214
5904476,27,2,27
5904476,51,0,51
5904477,13,2,13
5904659,101,1,101
5904659,114,2,114
5904659,121,0,121
5904661,34,4,34
5904661,37,2,37
5904661,42,1,42
5904661,44,2,44
5904661,47,2,47
5904670,25,0,25
5904670,28,2,28
5904673,53,2,53
5904673,1,0,1
5904673,52,2,52
5904673,10,2,10
5904673,54,0,54
5904673,101,0,101
5904673,55,2,55
5904673,102,2,102
5904673,61,2,61
5904673,104,2,104
5904673,65,0,65
5904673,105,1,105
5904673,69,2,69
5904673,106,2,106
5904673,7,0,7
5904673,113,0,113
5904673,71,0,71
5904673,14,0,14
5904673,78,0,78
5904673,15,0,15
5904673,8,0,8
5904673,17,0,17
5904673,80,2,80
5904673,19,2,19
5904673,83,2,83
5904673,20,2,20
5904673,86,0,86
5904673,21,2,21
5904673,92,2,92
5904673,22,1,22
5904673,94,0,94
5904673,23,2,23
5904673,95,2,95
5904673,24,2,24
5904673,96,0,96
5904673,25,1,25
5904673,97,2,97
5904673,26,1,26
5904673,98,0,98
5904673,27,0,27
5904673,99,0,99
5904673,28,0,28
5904673,29,2,29
5904673,30,0,30
5904673,31,0,31
5904673,32,0,32
5904673,33,1,33
5904673,34,1,34
5904673,35,1,35
5904673,36,0,36
5904673,37,0,37
5904673,38,0,38
5904673,39,2,39
5904673,40,0,40
5904673,41,2,41
5904673,44,2,44
5904673,45,0,45
5904673,46,2,46
5904673,47,0,47
5904673,48,2,48
5904673,50,1,50
5904673,51,2,51
5904673,56,2,56
5904673,57,2,57
5904673,59,2,59
5904673,60,2,60
5904676,108,4,108
5904676,109,0,109
5904676,135,0,135
5904676,139,1,139
5904676,22,1,22
5904676,23,1,23
5904676,34,2,34
5904676,35,1,35
5904676,42,2,42
5904676,44,1,44
5904676,52,1,52
5904676,58,1,58
5904676,59,1,59
5904676,86,2,86
5904677,19,3,19
5904677,25,1,25
5904677,27,1,27
5904677,34,1,34
5904678,146,1,146
5904679,107,0,107
5904679,116,0,116
5904679,119,4,119
5904679,14,1,14
5904679,6,1,6
5904679,68,1,68
5904679,8,1,8
5904679,87,0,87
5904679,9,1,9
5904684,1,1,1
5904684,136,1,136
5904684,19,1,19
5904684,38,0,38
5904684,41,1,41
5904686,110,0,110
5904686,14,1,14
5904686,16,0,16
5904686,19,2,19
5904686,22,1,22
5904686,24,1,24
5904686,26,1,26
5904686,28,1,28
5904686,29,2,29
5904686,30,0,30
5904686,31,2,31
5904686,32,2,32
5904686,33,1,33
5904686,34,2,34
5904686,36,2,36
5904686,4,2,4
5904686,42,2,42
5904686,43,2,43
5904686,44,0,44
5904686,45,0,45
5904686,46,0,46
5904686,47,0,47
5904686,49,2,49
5904686,50,0,50
5904686,51,2,51
5904686,52,2,52
5904686,54,0,54
5904686,55,0,55
5904686,56,2,56
5904686,79,0,79
5904686,80,0,80
5904686,9,0,9
5904688,106,2,106
5904688,110,2,110
5904688,61,1,61
5904688,75,1,75
5904688,84,1,84
5904688,90,1,90
5904693,129,1,129
5904693,131,1,131
5904693,134,1,134
5904693,135,1,135
5904693,137,1,137
5904693,98,1,98
5904763,17,1,17
5904763,24,1,24
5904767,31,0,31
5904767,36,2,36
5904845,1,1,1
5904845,113,3,113
5904845,156,3,156
5904845,21,3,21
5904845,33,1,33
5904845,36,2,36
5904845,41,2,41
5904845,42,2,42
5904845,43,1,43
5904845,44,2,44
5904845,45,2,45
5904845,48,2,48
5904845,5,2,5
5904845,53,1,53
5904845,61,2,61
5904845,63,1,63
5904845,79,1,79
5904845,87,3,87
5904845,95,3,95
5904924,294,0,294
5904924,165,0,165
5904924,288,0,288
5904924,168,0,168
5904924,297,0,297
5904924,171,0,171
5904924,300,0,300
5904924,174,0,174
5904924,315,0,315
5904924,180,0,180
5904924,318,0,318
5904924,183,0,183
5904924,321,3,321
5904924,186,0,186
5904924,324,3,324
5904924,189,2,189
5904924,327,2,327
5904924,192,0,192
5904924,330,0,330
5904924,195,0,195
5904924,333,0,333
5904924,198,0,198
5904924,339,0,339
5904924,201,0,201
5904924,342,2,342
5904924,204,0,204
5904924,345,2,345
5904924,207,0,207
5904924,348,2,348
5904924,210,0,210
5904924,357,0,357
5904924,213,0,213
5904924,360,0,360
5904924,216,0,216
5904924,363,0,363
5904924,219,2,219
5904924,366,0,366
5904924,222,0,222
5904924,372,0,372
5904924,225,2,225
5904924,375,0,375
5904924,228,2,228
5904924,231,2,231
5904924,234,0,234
5904924,237,0,237
5904924,240,1,240
5904924,243,0,243
5904924,246,0,246
5904924,249,0,249
5904924,252,0,252
5904924,255,0,255
5904924,258,2,258
5904924,261,3,261
5904924,264,0,264
5904924,267,2,267
5904924,269,4,269
5904924,270,1,270
5904924,273,2,273
5904924,276,2,276
5904924,279,1,279
5904924,282,1,282
5904924,285,1,285
5904924,303,0,303
5904924,306,0,306
5904924,309,0,309
5904924,312,0,312
5904980,67,2,67
5904980,72,1,72
5904982,16,2,16
5904982,17,2,17
5904982,18,0,18
5904982,19,1,19
5904982,22,0,22
5904982,26,0,26
5904982,51,2,51
5904982,53,2,53
5904982,54,1,54
5904983,14,0,14
5904984,81,2,81
5904984,114,0,114
5904984,80,1,80
5904984,127,0,127
5904984,15,1,15
5904984,16,1,16
5904984,17,1,17
5904984,18,2,18
5904984,19,2,19
5904984,24,2,24
5904984,25,3,25
5904984,29,1,29
5904984,31,2,31
5904984,32,2,32
5904984,35,1,35
5904984,36,2,36
5904984,38,2,38
5904984,43,1,43
5904984,45,2,45
5904984,46,1,46
5904984,47,2,47
5904984,48,0,48
5904984,49,2,49
5904984,50,2,50
5904984,51,2,51
5904984,52,2,52
5904984,54,2,54
5904984,56,0,56
5904984,57,2,57
5904984,59,0,59
5904984,61,2,61
5904984,62,2,62
5904984,65,0,65
5904984,67,0,67
5904984,68,2,68
5904984,69,2,69
5904984,70,0,70
5904984,71,2,71
5904984,72,2,72
5904984,73,2,73
5904984,74,2,74
5904984,75,2,75
5904984,77,2,77
5905023,3,3,3
5905023,1,0,1
5905023,28,0,28
5905023,100,0,100
5905023,32,0,32
5905023,104,0,104
5905023,33,4,33
5905023,108,0,108
5905023,4,0,4
5905023,112,0,112
5905023,40,0,40
5905023,115,4,115
5905023,41,4,41
5905023,116,4,116
5905023,42,4,42
5905023,12,0,12
5905023,43,0,43
5905023,120,4,120
5905023,44,0,44
5905023,124,0,124
5905023,46,4,46
5905023,126,4,126
5905023,48,0,48
5905023,128,0,128
5905023,5,0,5
5905023,134,0,134
5905023,50,0,50
5905023,140,0,140
5905023,51,0,51
5905023,146,0,146
5905023,52,0,52
5905023,149,4,149
5905023,53,4,53
5905023,15,4,15
5905023,54,4,54
5905023,152,0,152
5905023,55,4,55
5905023,153,4,153
5905023,56,0,56
5905023,157,0,157
5905023,59,4,59
5905023,158,0,158
5905023,6,0,6
5905023,16,0,16
5905023,60,0,60
5905023,162,4,162
5905023,61,4,61
5905023,163,4,163
5905023,62,4,62
5905023,164,0,164
5905023,64,0,64
5905023,165,4,165
5905023,67,4,67
5905023,169,4,169
5905023,68,4,68
5905023,170,4,170
5905023,69,4,69
5905023,172,4,172
5905023,70,4,70
5905023,180,4,180
5905023,72,4,72
5905023,183,4,183
5905023,73,4,73
5905023,184,0,184
5905023,74,4,74
5905023,185,0,185
5905023,75,4,75
5905023,186,0,186
5905023,76,0,76
5905023,19,4,19
5905023,78,4,78
5905023,2,0,2
5905023,8,0,8
5905023,20,0,20
5905023,80,0,80
5905023,204,4,204
5905023,81,4,81
5905023,231,4,231
5905023,82,4,82
5905023,24,0,24
5905023,83,4,83
5905023,27,4,27
5905023,34,4,34
5905023,84,0,84
5905023,35,4,35
5905023,85,4,85
5905023,36,0,36
5905023,87,4,87
5905023,37,4,37
5905023,88,0,88
5905023,89,4,89
5905023,91,4,91
5905023,92,0,92
5905023,93,4,93
5905023,94,4,94
5905023,96,0,96
5905070,103,4,103
5905070,116,2,116
5905070,132,2,132
5905070,133,2,133
5905070,31,2,31
5905070,36,3,36
5905070,37,0,37
5905070,38,0,38
5905070,57,1,57
5905070,76,0,76
5905070,78,0,78
5905071,35,2,35
5905071,36,1,36
5905071,38,1,38
5905071,40,0,40
5905071,41,2,41
5905071,42,2,42
5905071,44,0,44
5905071,47,2,47
5905071,75,2,75
5905072,10,2,10
5905072,93,0,93
5905072,102,2,102
5905072,107,1,107
5905072,108,2,108
5905072,11,0,11
5905072,110,0,110
5905072,112,0,112
5905072,114,0,114
5905072,116,2,116
5905072,12,0,12
5905072,123,1,123
5905072,143,2,143
5905072,160,1,160
5905072,164,2,164
5905072,170,0,170
5905072,182,2,182
5905072,19,0,19
5905072,20,2,20
5905072,22,2,22
5905072,24,2,24
5905072,29,1,29
5905072,33,1,33
5905072,34,1,34
5905072,4,0,4
5905072,43,1,43
5905072,44,1,44
5905072,45,1,45
5905072,5,0,5
5905072,50,3,50
5905072,56,1,56
5905072,57,1,57
5905072,6,0,6
5905072,75,2,75
5905072,79,0,79
5905072,8,0,8
5905072,84,2,84
5905072,85,1,85
5905072,87,0,87
5905072,88,0,88
5905072,9,0,9
5905072,91,2,91
5905073,90,0,90
5905073,10,0,10
5905073,84,0,84
5905073,100,0,100
5905073,92,2,92
5905073,102,0,102
5905073,96,2,96
5905073,12,0,12
5905073,15,1,15
5905073,16,0,16
5905073,17,2,17
5905073,18,1,18
5905073,20,0,20
5905073,22,1,22
5905073,25,1,25
5905073,26,1,26
5905073,28,2,28
5905073,29,1,29
5905073,36,2,36
5905073,37,2,37
5905073,40,1,40
5905073,42,1,42
5905073,44,1,44
5905073,5,0,5
5905073,53,2,53
5905073,54,2,54
5905073,56,2,56
5905073,57,2,57
5905073,58,2,58
5905073,61,2,61
5905073,64,2,64
5905073,65,0,65
5905073,7,0,7
5905073,70,1,70
5905073,72,1,72
5905073,73,0,73
5905073,75,0,75
5905073,76,0,76
5905073,77,0,77
5905073,78,0,78
5905073,79,0,79
5905073,8,0,8
5905073,81,0,81
5905073,82,0,82
5905073,83,0,83
5905073,97,2,97
5905073,98,2,98
5905076,100,0,100
5905076,102,1,102
5905076,105,1,105
5905076,106,1,106
5905076,107,1,107
5905076,111,1,111
5905076,112,3,112
5905076,27,1,27
5905076,28,1,28
5905076,29,1,29
5905076,3,2,3
5905076,32,2,32
5905076,33,2,33
5905076,35,1,35
5905076,68,1,68
5905076,72,3,72
5905076,73,0,73
5905076,75,2,75
5905076,89,2,89
5905079,101,1,101
5905079,103,3,103
5905079,104,1,104
5905079,105,2,105
5905079,106,0,106
5905079,108,0,108
5905079,32,2,32
5905079,33,1,33
5905079,36,1,36
5905079,39,1,39
5905079,44,1,44
5905079,69,1,69
5905079,71,1,71
5905079,72,1,72
5905079,74,1,74
5905079,76,1,76
5905079,78,1,78
5905079,79,2,79
5905079,80,0,80
5905079,86,0,86
5905079,87,1,87
5905079,9,2,9
5905080,20,2,20
5905080,22,0,22
5905080,23,2,23
5905080,26,1,26
5905080,5,0,5
5905080,6,0,6
5905080,7,0,7
5905099,103,1,103
5905099,21,1,21
5905099,25,0,25
5905099,27,1,27
5905099,29,1,29
5905099,30,1,30
5905099,33,2,33
5905099,36,0,36
5905099,42,0,42
5905099,63,2,63
5905099,71,2,71
5905099,73,0,73
5905099,76,2,76
5905099,91,2,91
5905099,93,1,93
5905099,98,1,98
5905102,146,2,146
5905130,37,1,37
5905130,41,1,41
5905165,12,3,12
5905165,25,0,25
5905165,41,0,41
5905165,54,0,54
5905165,6,0,6
5905165,7,0,7
5905194,104,2,104
5905194,128,2,128
5905366,24,0,24
5905366,46,0,46
5905366,49,0,49
5905366,54,4,54
5905366,76,0,76
5905366,80,0,80
5905366,85,0,85
5905366,87,0,87
5905366,89,0,89
5905370,11,0,11
5905371,103,2,103
5905371,105,1,105
5905371,106,2,106
5905371,109,1,109
5905371,110,2,110
5905371,111,2,111
5905371,115,3,115
5905371,124,1,124
5905371,127,1,127
5905371,42,1,42
5905371,44,1,44
5905371,67,1,67
5905371,68,1,68
5905371,7,0,7
5905371,70,2,70
5905371,71,2,71
5905371,73,1,73
5905371,74,1,74
5905372,104,0,104
5905372,141,0,141
5905372,28,1,28
5905372,33,1,33
5905372,37,0,37
5905372,45,0,45
5905372,55,1,55
5905372,64,1,64
5905372,69,0,69
5905372,71,2,71
5905372,77,3,77
5905372,97,0,97
5905374,31,2,31
5905376,15,0,15
5905376,17,2,17
5905376,20,2,20
5905376,21,0,21
5905376,34,2,34
5905376,68,1,68
5905377,113,2,113
5905377,119,0,119
5905377,122,2,122
5905377,132,0,132
5905377,137,2,137
5905377,140,1,140
5905377,143,1,143
5905377,144,1,144
5905377,146,1,146
5905377,147,1,147
5905377,43,1,43
5905377,49,2,49
5905377,64,2,64
5905377,67,2,67
5905377,69,0,69
5905377,70,0,70
5905377,71,1,71
5905377,74,0,74
5905378,8,1,8
5905396,104,2,104
5905396,105,1,105
5905396,106,2,106
5905396,107,1,107
5905396,110,1,110
5905396,111,1,111
5905396,115,1,115
5905396,116,0,116
5905396,117,2,117
5905396,118,2,118
5905396,119,2,119
5905396,120,2,120
5905396,121,0,121
5905396,122,0,122
5905396,123,0,123
5905396,125,0,125
5905396,133,1,133
5905396,89,2,89
5905397,71,0,71
5905397,77,0,77
5905397,82,0,82
5905397,84,2,84
5905397,87,2,87
5905441,136,2,136
5905441,36,2,36
5905441,56,1,56
5905441,61,2,61
5905442,121,0,121
5905442,127,1,127
5905442,132,0,132
5905442,96,3,96
5905505,40,0,40
5905505,100,0,100
5905505,39,0,39
5905505,101,0,101
5905505,41,0,41
5905505,102,0,102
5905505,47,0,47
5905505,103,0,103
5905505,57,0,57
5905505,106,0,106
5905505,6,0,6
5905505,107,0,107
5905505,60,0,60
5905505,108,0,108
5905505,61,0,61
5905505,109,0,109
5905505,63,0,63
5905505,11,0,11
5905505,66,0,66
5905505,111,0,111
5905505,7,0,7
5905505,117,0,117
5905505,72,0,72
5905505,120,2,120
5905505,73,0,73
5905505,122,0,122
5905505,74,0,74
5905505,123,0,123
5905505,75,2,75
5905505,124,0,124
5905505,76,0,76
5905505,126,0,126
5905505,77,3,77
5905505,127,0,127
5905505,79,0,79
5905505,128,0,128
5905505,8,0,8
5905505,13,0,13
5905505,80,3,80
5905505,131,0,131
5905505,81,0,81
5905505,132,0,132
5905505,83,0,83
5905505,133,0,133
5905505,84,0,84
5905505,134,0,134
5905505,85,0,85
5905505,135,0,135
5905505,86,0,86
5905505,136,0,136
5905505,87,0,87
5905505,137,0,137
5905505,98,0,98
5905505,138,2,138
5905505,99,0,99
5905505,139,0,139
5905505,14,3,14
5905505,140,0,140
5905505,141,0,141
5905505,142,0,142
5905505,15,0,15
5905505,18,0,18
5905505,2,0,2
5905505,23,0,23
5905505,24,0,24
5905505,25,0,25
5905505,34,0,34
5905505,35,0,35
5905505,37,0,37
5905505,5,0,5
5905505,53,0,53
5905505,54,0,54
5905505,56,0,56
5905531,10,0,10
5905531,12,0,12
5905531,13,0,13
5905531,14,0,14
5905531,15,0,15
5905531,16,2,16
5905531,17,0,17
5905531,18,0,18
5905531,19,0,19
5905531,2,0,2
5905531,20,0,20
5905531,21,0,21
5905531,23,0,23
5905531,24,0,24
5905531,4,0,4
5905531,40,0,40
5905531,41,0,41
5905531,42,0,42
5905531,43,0,43
5905531,44,0,44
5905531,5,2,5
5905531,53,0,53
5905531,56,0,56
5905531,6,2,6
5905531,61,0,61
5905531,63,0,63
5905531,65,2,65
5905531,7,0,7
5905531,8,2,8
5905553,100,1,100
5905553,101,0,101
5905553,102,0,102
5905553,104,0,104
5905553,16,0,16
5905553,43,0,43
5905553,52,0,52
5905553,62,0,62
5905553,7,0,7
5905553,78,2,78
5905553,88,2,88
5905553,92,1,92
5905553,93,1,93
5905553,94,1,94
5905553,95,1,95
5905553,96,2,96
5905553,97,2,97
5905553,98,0,98
5905553,99,2,99
5905555,13,2,13
5905555,15,0,15
5905555,26,2,26
5905555,28,0,28
5905555,30,0,30
5905555,31,0,31
5905555,32,0,32
5905555,33,2,33
5905555,34,0,34
5905555,35,0,35
5905556,20,2,20
5905556,23,0,23
5905556,27,0,27
5905556,32,2,32
5905556,34,0,34
5905556,36,2,36
5905556,37,0,37
5905556,38,2,38
5905556,39,2,39
5905556,51,0,51
5905556,53,2,53
5905980,45,0,45
5905981,22,0,22
5905982,76,2,76
5905991,111,2,111
5905991,29,0,29
5905997,40,0,40
5905997,41,0,41
5905997,42,0,42
5905998,88,1,88
5905998,96,2,96
5906000,45,2,45
5906000,55,0,55
5906000,64,0,64
5906000,65,2,65
5906000,66,0,66
5906000,71,0,71
5906000,72,0,72
5906000,73,2,73
5906000,74,0,74
5906000,76,0,76
5906000,77,0,77
5906000,78,0,78
5906000,79,0,79
5906000,82,2,82
5906000,83,1,83
5906000,84,1,84
5906000,85,1,85
5906000,87,1,87
5906003,30,2,30
5906026,53,0,53
5906030,135,4,135
5906030,142,1,142
5906030,34,0,34
5906031,24,0,24
5906031,25,0,25
5906031,75,0,75
5906031,83,0,83
5906032,100,1,100
5906032,102,1,102
5906032,110,1,110
5906032,133,4,133
5906032,85,1,85
5906033,3,2,3
5906035,123,1,123
5906035,126,2,126
5906035,128,1,128
5906035,134,2,134
5906035,135,0,135
5906035,136,2,136
5906035,14,1,14
5906035,142,1,142
5906035,143,2,143
5906035,38,2,38
5906035,51,2,51
5906035,83,1,83
5906036,12,1,12
5906036,9,2,9
5906207,108,3,108
5906207,115,2,115
5906207,116,1,116
5906207,37,0,37
5906207,83,2,83
5906212,10,1,10
5906212,14,2,14
5906212,18,2,18
5906212,19,2,19
5906212,22,2,22
5906212,23,2,23
5906212,26,1,26
5906212,29,2,29
5906212,3,2,3
5906212,4,2,4
5906212,5,1,5
5906212,7,0,7
5906219,63,0,63
5906219,69,1,69
5906236,120,0,120
5906236,130,3,130
5906236,89,3,89
5906243,33,0,33
5906243,37,0,37
5906244,101,2,101
5906244,135,2,135
5906244,140,2,140
5906244,77,0,77
5906301,91,2,91
5906302,129,2,129
5906302,130,1,130
5906304,113,0,113
5906304,115,0,115
5906305,105,0,105
5906305,106,0,106
5906305,111,2,111
5906305,115,0,115
5906305,116,0,116
5906305,125,0,125
5906305,127,0,127
5906305,128,0,128
5906305,13,0,13
5906305,15,0,15
5906305,16,0,16
5906305,19,0,19
5906305,31,3,31
5906305,43,0,43
5906305,45,2,45
5906305,54,0,54
5906305,55,0,55
5906305,56,0,56
5906305,57,0,57
5906305,59,0,59
5906305,64,0,64
5906305,74,0,74
5906305,75,0,75
5906305,80,0,80
5906305,83,0,83
5906305,89,0,89
5906305,91,0,91
5906305,92,0,92
5906305,93,0,93
5906305,94,0,94
5906307,23,0,23
5906307,25,0,25
5906307,36,0,36
5906307,96,0,96
5906307,97,0,97
5906308,101,0,101
5906308,103,0,103
5906308,11,0,11
5906308,113,0,113
5906308,12,0,12
5906308,123,0,123
5906308,35,0,35
5906308,37,2,37
5906308,38,0,38
5906308,60,0,60
5906308,65,0,65
5906308,84,3,84
5906308,94,0,94
5906310,10,2,10
5906310,37,2,37
5906310,76,0,76
5906310,8,0,8
5906310,81,0,81
5906310,82,0,82
5906310,84,2,84
5906310,90,0,90
5906310,93,0,93
5906311,10,0,10
5906311,105,2,105
5906311,11,0,11
5906311,112,2,112
5906311,115,2,115
5906311,116,2,116
5906311,2,2,2
5906311,28,2,28
5906311,29,3,29
5906311,30,3,30
5906311,6,3,6
5906311,9,3,9
5906312,10,4,10
5906312,32,1,32
5906312,44,1,44
5906316,7,2,7
5906319,4,2,4
5906342,4,0,4
5906343,102,0,102
5906343,55,2,55
5906343,61,0,61
5906435,92,1,92
5906438,109,0,109
5906438,36,1,36
5906438,74,0,74
5906438,77,0,77
5906440,7,0,7
5906440,79,2,79
5906442,36,0,36
5906443,10,1,10
5906443,12,1,12
5906443,13,1,13
5906443,39,1,39
5906444,13,1,13
5906444,14,1,14
5906444,2,1,2
5906449,17,0,17
5906449,4,0,4
5906449,52,0,52
5906450,86,0,86
5906450,87,0,87
5906469,10,0,10
5906469,18,0,18
5906469,24,0,24
5906469,44,0,44
5906469,46,0,46
5906469,51,2,51
5906469,55,3,55
5906470,11,2,11
5906470,18,0,18
5906470,23,0,23
5906470,28,0,28
5906470,34,0,34
5906470,35,0,35
5906470,36,0,36
5906470,37,0,37
5906470,38,0,38
5906470,39,0,39
5906470,43,0,43
5906470,6,0,6
5906470,72,0,72
5906470,73,0,73
5906470,9,0,9
5906487,64,0,64
5906487,65,0,65
5906487,67,0,67
5906487,76,0,76
5906489,37,1,37
5906490,55,2,55
5906491,45,2,45
5906491,54,1,54
5906500,22,1,22
5906500,50,2,50
5906501,13,3,13
5906501,34,1,34
5906501,62,3,62
5906503,6,4,6
5906507,141,3,141
5906507,165,0,165
5906507,20,0,20
5906507,36,2,36
5906508,14,1,14
5906508,15,0,15
5906508,16,2,16
5906508,17,0,17
5906508,19,0,19
5906508,2,0,2
5906508,20,0,20
5906508,22,0,22
5906508,23,0,23
5906508,3,0,3
5906508,34,0,34
5906508,37,0,37
5906508,41,0,41
5906508,59,0,59
5906508,68,0,68
5906508,7,2,7
5906508,72,0,72
5906508,73,0,73
5906508,74,0,74
5906508,75,0,75
5906511,10,0,10
5906511,13,0,13
5906511,2,0,2
5906511,20,2,20
5906511,22,1,22
5906511,24,1,24
5906511,30,2,30
5906511,35,3,35
5906511,5,3,5
5906511,53,3,53
5906511,8,0,8
5906512,4,0,4
5906513,41,0,41
5906513,56,0,56
5906513,59,0,59
5906513,62,3,62
5906515,11,3,11
5906515,23,1,23
5906515,6,3,6
5906516,10,0,10
5906516,32,0,32
5906518,15,0,15
5906518,2,0,2
5906518,31,3,31
5906518,49,0,49
5906519,3,0,3
5906519,49,0,49
5906521,30,0,30
5906521,33,0,33
5906521,37,0,37
5906521,39,0,39
5906521,55,0,55
5906522,14,2,14
5906522,16,2,16
5906522,17,3,17
5906522,28,3,28
5906522,51,3,51
5906522,53,0,53
5906522,68,0,68
5906526,6,2,6
5906526,67,1,67
5906526,69,2,69
5906526,7,2,7
5906526,8,1,8
5906537,16,0,16
5906537,19,2,19
5906537,48,3,48
5906541,13,2,13
5906541,20,1,20
5906541,21,0,21
5906546,27,1,27
5906546,44,1,44
5906546,45,1,45
5906546,48,1,48
5906549,41,2,41
5906551,4,3,4
5906552,10,1,10
5906552,3,1,3
5906553,10,2,10
5906553,2,0,2
5906553,3,2,3
5906553,33,1,33
5906553,34,1,34
5906553,47,2,47
5906553,6,0,6
5906553,7,2,7
5906553,9,1,9
5906560,35,1,35
5906562,34,0,34
5906562,4,2,4
5906563,16,0,16
5906563,19,0,19
5906563,2,0,2
5906563,20,0,20
5906563,21,0,21
5906563,3,2,3
5906563,34,0,34
5906563,45,0,45
5906563,49,0,49
5906563,51,0,51
5906563,9,0,9
5906565,10,0,10
5906565,11,0,11
5906565,12,0,12
5906565,2,0,2
5906565,5,0,5
5906565,9,0,9
5906566,1,0,1
5906566,3,0,3
5906571,1,0,1
5906571,10,0,10
5906571,19,0,19
5906571,26,0,26
5906571,35,0,35
5906571,47,0,47
5906571,5,0,5
5906572,1,0,1
5906572,10,0,10
5906572,12,0,12
5906572,20,0,20
5906572,38,0,38
5906572,40,0,40
5906572,7,0,7
5906572,8,0,8
5906575,1,0,1
5906575,6,0,6
5906575,8,0,8
5906577,16,0,16
5906577,39,0,39
5906581,24,2,24
5906581,28,2,28
5906581,33,1,33
5906581,45,1,45
5906581,46,0,46
5906597,15,0,15
5906597,20,0,20
5906597,21,2,21
5906597,23,0,23
5906597,24,3,24
5906597,29,2,29
5906597,31,0,31
5906597,32,2,32
5906597,33,0,33
5906597,34,0,34
5906597,35,2,35
5906597,36,0,36
5906597,37,0,37
5906597,41,0,41
5906597,44,0,44
5906597,45,2,45
5906597,46,0,46
5906597,49,2,49
5906597,53,0,53
5906597,54,2,54
5906597,55,0,55
5906597,56,0,56
5906623,105,2,105
5906623,156,2,156
5906623,164,2,164
5906623,170,3,170
5906623,178,3,178
5906623,194,2,194
5906623,239,0,239
5906623,248,1,248
5906623,265,3,265
5906623,267,0,267
5906623,283,0,283
5906624,28,0,28
5906624,100,0,100
5906624,102,0,102
5906624,30,0,30
5906624,103,0,103
5906624,70,0,70
5906624,104,0,104
5906624,79,1,79
5906624,108,2,108
5906624,80,0,80
5906624,114,0,114
5906624,81,2,81
5906624,116,0,116
5906624,88,4,88
5906624,118,3,118
5906624,89,1,89
5906624,119,0,119
5906624,90,3,90
5906624,122,0,122
5906624,94,0,94
5906624,127,0,127
5906624,96,0,96
5906624,128,0,128
5906624,130,2,130
5906624,131,0,131
5906624,132,0,132
5906624,133,2,133
5906624,135,1,135
5906624,136,0,136
5906624,137,0,137
5906624,138,0,138
5906624,140,0,140
5906624,147,0,147
5906624,148,2,148
5906624,150,1,150
5906624,151,0,151
5906624,152,2,152
5906624,153,2,153
5906624,154,1,154
5906624,155,1,155
5906624,156,2,156
5906624,157,1,157
5906624,158,0,158
5906624,159,3,159
5906624,71,2,71
5906624,72,3,72
5906624,75,2,75
5906624,78,2,78
5906635,53,3,53
5906635,1,0,1
5906635,52,0,52
5906635,10,0,10
5906635,56,0,56
5906635,11,0,11
5906635,57,0,57
5906635,112,0,112
5906635,64,0,64
5906635,12,0,12
5906635,65,0,65
5906635,120,0,120
5906635,66,0,66
5906635,13,0,13
5906635,67,0,67
5906635,14,0,14
5906635,68,0,68
5906635,15,0,15
5906635,69,0,69
5906635,16,0,16
5906635,7,0,7
5906635,18,0,18
5906635,70,0,70
5906635,19,0,19
5906635,71,0,71
5906635,22,0,22
5906635,72,0,72
5906635,23,0,23
5906635,73,0,73
5906635,24,0,24
5906635,74,0,74
5906635,25,0,25
5906635,75,0,75
5906635,27,0,27
5906635,77,0,77
5906635,28,0,28
5906635,8,0,8
5906635,29,0,29
5906635,83,0,83
5906635,31,0,31
5906635,33,0,33
5906635,34,0,34
5906635,35,0,35
5906635,36,0,36
5906635,37,0,37
5906635,38,0,38
5906635,39,0,39
5906635,4,0,4
5906635,40,0,40
5906635,41,0,41
5906635,42,0,42
5906635,43,0,43
5906635,44,0,44
5906635,45,0,45
5906635,46,0,46
5906635,47,0,47
5906635,48,0,48
5906635,49,0,49
5906635,5,0,5
5906635,50,0,50
5906635,51,0,51
5906635,58,0,58
5906635,60,0,60
5906635,61,0,61
5906635,63,0,63
5906636,74,0,74
5906636,10,2,10
5906636,73,0,73
5906636,11,0,11
5906636,75,2,75
5906636,111,3,111
5906636,76,2,76
5906636,112,3,112
5906636,87,0,87
5906636,114,1,114
5906636,88,2,88
5906636,115,0,115
5906636,89,0,89
5906636,116,1,116
5906636,90,0,90
5906636,122,2,122
5906636,91,2,91
5906636,13,2,13
5906636,92,2,92
5906636,19,2,19
5906636,95,2,95
5906636,24,0,24
5906636,28,0,28
5906636,29,2,29
5906636,3,2,3
5906636,32,2,32
5906636,34,0,34
5906636,35,2,35
5906636,36,0,36
5906636,37,0,37
5906636,38,0,38
5906636,39,0,39
5906636,42,0,42
5906636,44,0,44
5906636,45,0,45
5906636,46,2,46
5906636,47,0,47
5906636,48,0,48
5906636,49,0,49
5906636,5,2,5
5906636,51,0,51
5906636,55,0,55
5906636,56,0,56
5906636,57,2,57
5906636,59,0,59
5906636,6,0,6
5906636,60,3,60
5906636,63,0,63
5906636,65,0,65
5906636,67,0,67
5906636,7,0,7
5906636,70,0,70
5906636,79,0,79
5906636,80,0,80
5906636,82,0,82
5906636,86,0,86
5906645,25,0,25
5906645,1,0,1
5906645,24,0,24
5906645,10,0,10
5906645,26,0,26
5906645,100,0,100
5906645,27,0,27
5906645,104,0,104
5906645,31,0,31
5906645,108,0,108
5906645,32,0,32
5906645,11,0,11
5906645,35,0,35
5906645,112,0,112
5906645,36,0,36
5906645,113,0,113
5906645,37,0,37
5906645,114,0,114
5906645,38,0,38
5906645,115,0,115
5906645,4,0,4
5906645,116,0,116
5906645,41,0,41
5906645,117,0,117
5906645,42,0,42
5906645,118,0,118
5906645,48,0,48
5906645,119,0,119
5906645,49,0,49
5906645,12,0,12
5906645,5,0,5
5906645,120,0,120
5906645,50,0,50
5906645,122,0,122
5906645,51,0,51
5906645,124,0,124
5906645,52,0,52
5906645,127,0,127
5906645,53,0,53
5906645,128,0,128
5906645,54,0,54
5906645,129,0,129
5906645,55,0,55
5906645,13,0,13
5906645,56,0,56
5906645,130,0,130
5906645,57,0,57
5906645,131,0,131
5906645,58,0,58
5906645,132,0,132
5906645,59,0,59
5906645,133,0,133
5906645,6,0,6
5906645,134,0,134
5906645,60,0,60
5906645,135,0,135
5906645,62,0,62
5906645,136,0,136
5906645,63,0,63
5906645,137,0,137
5906645,64,0,64
5906645,14,0,14
5906645,65,0,65
5906645,15,0,15
5906645,68,0,68
5906645,16,0,16
5906645,69,0,69
5906645,17,0,17
5906645,7,0,7
5906645,18,0,18
5906645,70,0,70
5906645,19,0,19
5906645,71,0,71
5906645,2,0,2
5906645,72,0,72
5906645,20,0,20
5906645,73,0,73
5906645,21,0,21
5906645,74,0,74
5906645,22,0,22
5906645,75,0,75
5906645,23,0,23
5906645,28,0,28
5906645,76,0,76
5906645,29,0,29
5906645,78,0,78
5906645,3,0,3
5906645,8,0,8
5906645,30,0,30
5906645,86,0,86
5906645,87,0,87
5906645,88,0,88
5906645,9,0,9
5906645,91,0,91
5906645,93,0,93
5906645,94,0,94
5906645,97,0,97
5906645,98,0,98
5906645,99,0,99
5906661,1,0,1
5906661,17,3,17
5906661,18,3,18
5906661,2,0,2
5906661,23,3,23
5906661,3,0,3
5906661,30,0,30
5906661,31,0,31
5906661,32,0,32
5906661,33,0,33
5906661,34,0,34
5906661,35,0,35
5906661,36,2,36
5906661,4,0,4
5906661,5,0,5
5906661,7,0,7
5906765,107,0,107
5906765,115,0,115
5906765,117,0,117
5906765,118,0,118
5906765,27,0,27
5906765,82,0,82
5906765,96,0,96
5906766,13,4,13
5906970,12,2,12
5906970,13,0,13
5906970,14,0,14
5906970,15,0,15
5906970,16,0,16
5906970,18,0,18
5906970,24,0,24
5906970,28,0,28
5906970,29,2,29
5906970,30,3,30
5906970,34,2,34
5906970,35,0,35
5906970,39,0,39
5906970,48,0,48
5906970,49,0,49
5906970,5,2,5
5906970,50,0,50
5906970,54,0,54
5907058,12,0,12
5907058,15,0,15
6901004,321,2,321
6901004,106,1,106
6901004,320,2,320
6901004,109,2,109
6901004,322,2,322
6901004,111,1,111
6901004,331,1,331
6901004,167,1,167
6901004,342,2,342
6901004,171,1,171
6901004,345,2,345
6901004,182,2,182
6901004,47,3,47
6901004,188,0,188
6901004,85,2,85
6901004,189,1,189
6901004,193,1,193
6901004,195,1,195
6901004,196,3,196
6901004,200,1,200
6901004,204,2,204
6901004,208,1,208
6901004,209,4,209
6901004,212,0,212
6901004,215,2,215
6901004,218,0,218
6901004,234,2,234
6901004,235,0,235
6901004,236,2,236
6901004,237,2,237
6901004,241,3,241
6901004,242,2,242
6901004,245,1,245
6901004,246,1,246
6901004,248,2,248
6901004,249,0,249
6901004,250,2,250
6901004,253,2,253
6901004,260,1,260
6901004,269,1,269
6901004,270,2,270
6901004,277,1,277
6901004,297,3,297
6901004,298,0,298
6901004,299,0,299
6901004,300,2,300
6901004,308,2,308
6901004,311,2,311
6901004,319,0,319
6901004,333,1,333
6901004,334,1,334
6901004,338,3,338
6901004,339,2,339
6901032,14,1,14
6901440,8,4,8
6901474,89,0,89
6901485,103,0,103
6901485,110,2,110
6901485,146,3,146
6901485,147,0,147
6901485,150,0,150
6901485,152,0,152
6901485,153,0,153
6901485,154,0,154
6901485,175,2,175
6901485,37,1,37
6901485,99,1,99
6901486,101,1,101
6901486,102,1,102
6901486,128,1,128
6901486,141,1,141
6901486,16,1,16
6901486,177,1,177
6901486,202,1,202
6901486,220,1,220
6901486,222,1,222
6901486,224,2,224
6901486,226,1,226
6901486,227,1,227
6901486,228,2,228
6901486,233,1,233
6901486,237,1,237
6901486,26,2,26
6901486,297,1,297
6901486,307,1,307
6901486,336,3,336
6901486,338,1,338
6901486,57,1,57
6901486,91,2,91
6901486,95,1,95
6901496,103,1,103
6901496,108,1,108
6901496,83,1,83
6901496,88,1,88
6901512,100,1,100
6901512,104,1,104
6901512,108,1,108
6901512,124,1,124
6901512,125,1,125
6901512,127,1,127
6901512,128,1,128
6901512,129,1,129
6901512,134,1,134
6901512,137,1,137
6901512,143,4,143
6901512,144,1,144
6901512,145,1,145
6901512,93,0,93
6901514,18,1,18
6901521,44,1,44
6901521,51,2,51
6901521,54,0,54
6901521,56,2,56
6901521,66,0,66
6901523,124,0,124
6901523,32,1,32
6901528,107,0,107
6901528,108,0,108
6901528,109,0,109
6901528,16,0,16
6901528,23,0,23
6901528,28,2,28
6901528,31,0,31
6901528,36,0,36
6901528,43,0,43
6901528,44,0,44
6901528,45,0,45
6901528,46,2,46
6901528,47,2,47
6901528,48,2,48
6901528,50,3,50
6901528,67,3,67
6901528,68,1,68
6901528,69,2,69
6901528,83,0,83
6901528,88,0,88
6901528,90,2,90
6901528,91,0,91
6901528,97,0,97
6901578,109,3,109
6901578,13,1,13
6901578,14,1,14
6901578,15,1,15
6901578,163,1,163
6901578,182,2,182
6901578,200,1,200
6901578,207,1,207
6901578,246,1,246
6901578,248,1,248
6901578,254,1,254
6901578,256,1,256
6901578,266,1,266
6901578,271,1,271
6901578,276,1,276
6901578,295,1,295
6901578,329,1,329
6901578,336,1,336
6901578,339,1,339
6901578,357,1,357
6901578,66,1,66
6901578,96,1,96
6901583,100,1,100
6901583,123,1,123
6901583,157,1,157
6901583,180,1,180
6901583,198,1,198
6901583,201,0,201
6901583,207,3,207
6901583,21,1,21
6901583,211,2,211
6901583,213,0,213
6901583,216,0,216
6901583,218,1,218
6901583,226,1,226
6901583,228,3,228
6901583,24,0,24
6901583,244,0,244
6901583,26,0,26
6901583,267,1,267
6901583,28,3,28
6901583,311,0,311
6901583,70,1,70
6901583,71,2,71
6901583,74,0,74
6901583,84,0,84
6901585,103,1,103
6901585,107,1,107
6901585,11,0,11
6901585,145,1,145
6901585,27,0,27
6901585,3,0,3
6901585,31,0,31
6901585,34,0,34
6901585,4,0,4
6901585,49,0,49
6901585,52,1,52
6901585,57,0,57
6901585,59,0,59
6901585,65,1,65
6901585,7,2,7
6901585,88,0,88
6901585,91,2,91
6901585,94,2,94
6901585,99,2,99
6901646,182,2,182
6901646,203,0,203
6901646,244,2,244
6901646,86,1,86
6901657,34,0,34
6901657,42,0,42
6901657,47,1,47
6901657,49,2,49
6901657,53,2,53
6901657,55,2,55
6901657,56,1,56
6901657,57,2,57
6901657,82,0,82
6901658,127,0,127
6901658,138,0,138
6901658,139,0,139
6901658,63,0,63
6901659,24,0,24
6901659,26,0,26
6901659,55,0,55
6901659,74,0,74
6901659,82,0,82
6901765,102,0,102
6901765,103,0,103
6901765,111,0,111
6901765,145,0,145
6901765,146,0,146
6901765,150,0,150
6901765,151,0,151
6901765,152,0,152
6901765,155,0,155
6901765,177,2,177
6901765,191,2,191
6901765,52,2,52
6901765,58,0,58
6901765,59,2,59
6901765,60,0,60
6901765,65,2,65
6901765,77,0,77
6901765,78,0,78
6901765,88,0,88
6901765,93,0,93
6901770,1,0,1
6901770,10,0,10
6901770,105,0,105
6901770,120,2,120
6901770,122,0,122
6901770,127,2,127
6901770,13,0,13
6901770,130,2,130
6901770,131,1,131
6901770,138,0,138
6901770,141,0,141
6901770,150,2,150
6901770,152,0,152
6901770,153,0,153
6901770,22,0,22
6901770,49,1,49
6901770,59,0,59
6901770,60,2,60
6901770,61,0,61
6901770,62,0,62
6901770,63,2,63
6901770,64,0,64
6901770,65,2,65
6901770,67,0,67
6901770,7,2,7
6901770,73,0,73
6901771,100,2,100
6901771,99,2,99
6901771,103,0,103
6901771,108,2,108
6901771,11,0,11
6901771,118,2,118
6901771,127,2,127
6901771,128,0,128
6901771,130,0,130
6901771,133,2,133
6901771,137,0,137
6901771,138,1,138
6901771,143,1,143
6901771,144,2,144
6901771,147,2,147
6901771,16,0,16
6901771,17,0,17
6901771,18,0,18
6901771,19,0,19
6901771,26,0,26
6901771,29,0,29
6901771,39,0,39
6901771,40,2,40
6901771,43,0,43
6901771,45,0,45
6901771,46,0,46
6901771,5,0,5
6901771,52,2,52
6901771,55,2,55
6901771,56,2,56
6901771,62,1,62
6901771,65,1,65
6901771,67,0,67
6901771,69,2,69
6901771,70,2,70
6901771,72,1,72
6901771,78,1,78
6901771,79,3,79
6901771,83,1,83
6901771,88,2,88
6901771,95,0,95
6901771,98,2,98
6901774,100,1,100
6901774,143,2,143
6901774,151,2,151
6901774,154,1,154
6901774,159,0,159
6901774,180,2,180
6901774,181,1,181
6901774,193,1,193
6901774,194,2,194
6901774,195,1,195
6901774,20,0,20
6901774,22,3,22
6901774,23,0,23
6901774,25,0,25
6901774,30,0,30
6901774,34,2,34
6901774,38,1,38
6901774,39,2,39
6901774,40,1,40
6901774,42,1,42
6901774,43,2,43
6901774,44,1,44
6901774,45,2,45
6901774,46,1,46
6901774,47,3,47
6901774,48,3,48
6901774,50,0,50
6901774,51,0,51
6901774,54,2,54
6901774,55,0,55
6901774,56,0,56
6901774,85,2,85
6901774,91,0,91
6901774,92,2,92
6901774,93,1,93
6901774,97,2,97
6902544,1,3,1
6902544,104,2,104
6902544,115,1,115
6902544,167,1,167
6902544,170,3,170
6902544,180,3,180
6902544,19,0,19
6902544,2,0,2
6902544,201,2,201
6902544,204,1,204
6902544,211,0,211
6902544,22,0,22
6902544,24,1,24
6902544,25,3,25
6902544,29,0,29
6902544,3,0,3
6902544,30,1,30
6902544,32,3,32
6902544,37,1,37
6902544,4,0,4
6902544,5,0,5
6902544,7,0,7
6902544,8,0,8
6902544,89,3,89
6902544,93,1,93
6902544,94,0,94
6902544,98,0,98
6902545,98,0,98
6902545,101,0,101
6902545,97,0,97
6902545,120,0,120
6902545,124,0,124
6902545,126,0,126
6902545,127,0,127
6902545,128,0,128
6902545,13,1,13
6902545,134,1,134
6902545,135,0,135
6902545,14,0,14
6902545,15,0,15
6902545,150,2,150
6902545,158,1,158
6902545,159,2,159
6902545,165,1,165
6902545,166,2,166
6902545,167,2,167
6902545,169,2,169
6902545,171,0,171
6902545,173,0,173
6902545,174,0,174
6902545,175,0,175
6902545,176,0,176
6902545,177,0,177
6902545,178,0,178
6902545,179,0,179
6902545,180,0,180
6902545,181,0,181
6902545,182,0,182
6902545,183,0,183
6902545,198,2,198
6902545,20,0,20
6902545,206,0,206
6902545,211,2,211
6902545,214,2,214
6902545,219,0,219
6902545,30,3,30
6902545,40,0,40
6902545,42,2,42
6902545,52,1,52
6902545,82,0,82
6902549,2,2,2
6902549,1,0,1
6902549,199,2,199
6902549,10,0,10
6902549,201,0,201
6902549,112,0,112
6902549,29,0,29
6902549,115,0,115
6902549,38,1,38
6902549,116,3,116
6902549,39,2,39
6902549,117,0,117
6902549,40,3,40
6902549,118,0,118
6902549,41,0,41
6902549,119,0,119
6902549,42,2,42
6902549,12,0,12
6902549,43,1,43
6902549,120,0,120
6902549,44,2,44
6902549,121,0,121
6902549,45,0,45
6902549,125,0,125
6902549,46,2,46
6902549,126,0,126
6902549,47,0,47
6902549,130,0,130
6902549,48,0,48
6902549,132,0,132
6902549,51,0,51
6902549,133,0,133
6902549,53,0,53
6902549,134,0,134
6902549,55,0,55
6902549,135,0,135
6902549,56,0,56
6902549,136,0,136
6902549,57,0,57
6902549,137,0,137
6902549,61,3,61
6902549,138,0,138
6902549,67,0,67
6902549,139,0,139
6902549,68,0,68
6902549,140,0,140
6902549,69,0,69
6902549,141,0,141
6902549,70,0,70
6902549,143,0,143
6902549,72,2,72
6902549,145,0,145
6902549,74,2,74
6902549,146,0,146
6902549,75,0,75
6902549,148,0,148
6902549,76,0,76
6902549,149,0,149
6902549,77,0,77
6902549,150,0,150
6902549,78,0,78
6902549,151,0,151
6902549,8,0,8
6902549,152,0,152
6902549,80,0,80
6902549,153,0,153
6902549,81,0,81
6902549,155,0,155
6902549,82,0,82
6902549,158,0,158
6902549,83,0,83
6902549,159,0,159
6902549,84,0,84
6902549,160,0,160
6902549,85,0,85
6902549,190,2,190
6902549,87,0,87
6902549,192,2,192
6902549,90,0,90
6902549,193,0,193
6902549,92,2,92
6902549,196,0,196
6902549,31,1,31
6902549,94,1,94
6902549,32,1,32
6902549,96,1,96
6902549,33,3,33
6902549,97,1,97
6902549,34,0,34
6902550,103,0,103
6902550,104,1,104
6902550,105,2,105
6902550,106,3,106
6902550,107,0,107
6902550,108,1,108
6902550,111,0,111
6902550,114,3,114
6902550,119,0,119
6902550,136,0,136
6902550,139,1,139
6902550,171,1,171
6902550,173,1,173
6902550,186,1,186
6902550,188,1,188
6902550,190,1,190
6902550,2,0,2
6902550,221,1,221
6902550,3,2,3
6902550,41,0,41
6902550,42,2,42
6902550,48,2,48
6902550,62,1,62
6902550,78,1,78
6902666,65,0,65
6902666,69,0,69
6902667,21,2,21
6902667,23,3,23
6902667,30,3,30
6902667,31,3,31
6902667,32,3,32
6902667,33,2,33
6902667,34,2,34
6902667,35,2,35
6902667,36,2,36
6902667,37,0,37
6902667,38,0,38
6902667,40,0,40
6902667,45,1,45
6902667,56,3,56
6902667,59,0,59
6902667,69,1,69
6902667,75,1,75
6902667,77,2,77
6902667,78,2,78
6902667,79,2,79
6902667,80,2,80
6902667,86,2,86
6902667,90,1,90
6902667,94,1,94
6902667,95,1,95
6902667,96,1,96
6902733,10,3,10
6902733,57,0,57
6902733,59,2,59
6902733,70,0,70
6902733,72,0,72
6902733,9,2,9
6902734,343,0,343
6902734,112,0,112
6902734,323,2,323
6902734,116,1,116
6902734,346,0,346
6902734,117,0,117
6902734,350,3,350
6902734,120,0,120
6902734,361,0,361
6902734,148,0,148
6902734,369,0,369
6902734,161,0,161
6902734,370,0,370
6902734,163,0,163
6902734,373,1,373
6902734,166,0,166
6902734,374,1,374
6902734,170,0,170
6902734,375,1,375
6902734,171,0,171
6902734,376,1,376
6902734,172,0,172
6902734,377,3,377
6902734,173,0,173
6902734,378,1,378
6902734,174,0,174
6902734,379,2,379
6902734,175,0,175
6902734,380,2,380
6902734,18,0,18
6902734,385,0,385
6902734,180,0,180
6902734,386,2,386
6902734,202,0,202
6902734,43,0,43
6902734,219,0,219
6902734,45,4,45
6902734,221,3,221
6902734,67,0,67
6902734,224,1,224
6902734,76,0,76
6902734,241,3,241
6902734,84,0,84
6902734,248,2,248
6902734,89,0,89
6902734,249,0,249
6902734,93,0,93
6902734,250,0,250
6902734,95,0,95
6902734,251,2,251
6902734,264,2,264
6902734,267,2,267
6902734,269,1,269
6902734,270,1,270
6902734,271,3,271
6902734,273,1,273
6902734,279,1,279
6902734,280,1,280
6902734,281,2,281
6902734,284,2,284
6902734,285,2,285
6902734,289,1,289
6902734,293,3,293
6902734,298,1,298
6902734,315,1,315
6902734,317,2,317
6902734,351,3,351
6902734,354,0,354
6902734,356,0,356
6902734,359,3,359
6902735,312,1,312
6902735,106,2,106
6902735,308,0,308
6902735,108,4,108
6902735,314,2,314
6902735,114,0,114
6902735,334,0,334
6902735,115,0,115
6902735,40,0,40
6902735,150,0,150
6902735,41,0,41
6902735,178,0,178
6902735,45,0,45
6902735,185,0,185
6902735,46,0,46
6902735,192,0,192
6902735,47,0,47
6902735,203,0,203
6902735,48,0,48
6902735,204,0,204
6902735,49,0,49
6902735,222,0,222
6902735,50,0,50
6902735,224,0,224
6902735,51,0,51
6902735,225,2,225
6902735,52,0,52
6902735,228,2,228
6902735,54,0,54
6902735,229,0,229
6902735,55,0,55
6902735,230,0,230
6902735,56,0,56
6902735,238,2,238
6902735,57,0,57
6902735,239,2,239
6902735,59,0,59
6902735,24,0,24
6902735,60,0,60
6902735,240,0,240
6902735,61,0,61
6902735,241,2,241
6902735,62,0,62
6902735,243,2,243
6902735,63,0,63
6902735,248,0,248
6902735,65,0,65
6902735,249,1,249
6902735,67,0,67
6902735,250,2,250
6902735,68,0,68
6902735,252,2,252
6902735,69,0,69
6902735,256,2,256
6902735,70,0,70
6902735,257,0,257
6902735,71,0,71
6902735,258,1,258
6902735,72,0,72
6902735,259,1,259
6902735,73,0,73
6902735,262,1,262
6902735,74,0,74
6902735,263,0,263
6902735,75,0,75
6902735,267,0,267
6902735,76,0,76
6902735,269,0,269
6902735,77,0,77
6902735,27,0,27
6902735,78,0,78
6902735,270,1,270
6902735,79,0,79
6902735,277,0,277
6902735,81,0,81
6902735,282,2,282
6902735,83,0,83
6902735,286,0,286
6902735,84,0,84
6902735,287,2,287
6902735,85,0,85
6902735,29,0,29
6902735,34,0,34
6902735,86,0,86
6902735,35,0,35
6902735,87,0,87
6902735,362,0,362
6902735,89,0,89
6902735,39,0,39
6902735,91,0,91
6902735,92,0,92
6902735,93,0,93
6902735,94,0,94
6902735,95,0,95
6902735,97,2,97
6902738,14,0,14
6902738,16,0,16
6902738,29,0,29
6902738,33,0,33
6902738,48,0,48
6902738,51,0,51
6902738,56,0,56
6902738,67,3,67
6902739,28,0,28
6902739,100,0,100
6902739,27,0,27
6902739,105,0,105
6902739,298,0,298
6902739,108,0,108
6902739,37,0,37
6902739,12,0,12
6902739,44,0,44
6902739,147,0,147
6902739,45,0,45
6902739,150,0,150
6902739,46,0,46
6902739,162,0,162
6902739,47,0,47
6902739,163,0,163
6902739,51,0,51
6902739,164,0,164
6902739,52,0,52
6902739,165,0,165
6902739,55,0,55
6902739,169,0,169
6902739,56,0,56
6902739,173,0,173
6902739,61,0,61
6902739,174,0,174
6902739,62,0,62
6902739,175,0,175
6902739,63,0,63
6902739,176,0,176
6902739,65,0,65
6902739,177,0,177
6902739,66,0,66
6902739,178,0,178
6902739,67,0,67
6902739,180,0,180
6902739,68,0,68
6902739,185,0,185
6902739,69,0,69
6902739,199,0,199
6902739,70,0,70
6902739,20,0,20
6902739,71,0,71
6902739,200,0,200
6902739,72,0,72
6902739,201,0,201
6902739,74,0,74
6902739,206,0,206
6902739,75,0,75
6902739,21,0,21
6902739,76,0,76
6902739,210,0,210
6902739,77,0,77
6902739,216,2,216
6902739,78,0,78
6902739,217,0,217
6902739,79,0,79
6902739,22,0,22
6902739,80,0,80
6902739,220,0,220
6902739,81,0,81
6902739,225,2,225
6902739,82,0,82
6902739,232,1,232
6902739,84,0,84
6902739,233,2,233
6902739,85,0,85
6902739,236,1,236
6902739,86,0,86
6902739,237,1,237
6902739,87,0,87
6902739,238,1,238
6902739,88,0,88
6902739,248,1,248
6902739,89,0,89
6902739,255,2,255
6902739,91,0,91
6902739,26,0,26
6902739,93,0,93
6902739,260,2,260
6902739,97,0,97
6902739,269,2,269
6902739,39,0,39
6902739,41,0,41
6902739,42,0,42
6902739,43,0,43
6902740,155,0,155
6902740,265,0,265
6902740,79,0,79
6902828,146,0,146
6902828,149,4,149
6902828,158,4,158
6902828,161,4,161
6902828,167,4,167
6902828,194,2,194
6902828,195,1,195
6902828,197,4,197
6902828,224,0,224
6902828,233,0,233
6902828,234,0,234
6902828,239,4,239
6902828,269,4,269
6902828,281,4,281
6902828,284,4,284
6902828,287,4,287
6902828,288,0,288
6902828,290,4,290
6902828,302,4,302
6902828,341,4,341
6902828,344,4,344
6902880,19,0,19
6902880,100,0,100
6902880,17,0,17
6902880,103,0,103
6902880,2,0,2
6902880,104,0,104
6902880,20,0,20
6902880,105,0,105
6902880,6,0,6
6902880,107,0,107
6902880,8,0,8
6902880,108,0,108
6902880,89,0,89
6902880,109,0,109
6902880,9,0,9
6902880,11,0,11
6902880,94,0,94
6902880,110,0,110
6902880,95,0,95
6902880,111,0,111
6902880,96,0,96
6902880,113,0,113
6902880,97,0,97
6902880,114,0,114
6902880,98,0,98
6902880,115,0,115
6902880,99,0,99
6902880,116,0,116
6902880,117,0,117
6902880,118,0,118
6902880,119,0,119
6902880,12,0,12
6902880,120,0,120
6902880,121,0,121
6902880,122,0,122
6902880,123,0,123
6902880,124,0,124
6902880,125,0,125
6902880,127,0,127
6902880,128,0,128
6902880,129,0,129
6902880,13,0,13
6902880,131,0,131
6902880,132,0,132
6902880,133,0,133
6902880,134,0,134
6902880,137,0,137
6902880,138,0,138
6902880,139,2,139
6902880,14,0,14
6902880,140,0,140
6902880,141,2,141
6902880,144,0,144
6902880,15,0,15
6902880,16,0,16
6902880,21,0,21
6902880,3,0,3
6902880,4,0,4
6902880,5,0,5
6902900,35,0,35
6902900,36,2,36
6902900,37,2,37
6902900,38,0,38
6902900,39,2,39
6902900,41,0,41
6902900,47,0,47
6902900,51,0,51
6902901,13,2,13
6902901,14,2,14
6902901,20,2,20
6902901,5,0,5
6902901,57,0,57
6902901,67,0,67
6902905,27,0,27
6902905,117,0,117
6902905,260,2,260
6902905,12,0,12
6902905,272,2,272
6902905,13,0,13
6902905,276,1,276
6902905,14,0,14
6902905,30,0,30
6902905,143,0,143
6902905,309,2,309
6902905,144,0,144
6902905,32,0,32
6902905,146,0,146
6902905,33,0,33
6902905,147,0,147
6902905,34,0,34
6902905,148,0,148
6902905,35,0,35
6902905,149,0,149
6902905,36,0,36
6902905,15,0,15
6902905,37,0,37
6902905,150,0,150
6902905,38,0,38
6902905,151,0,151
6902905,393,2,393
6902905,153,0,153
6902905,394,2,394
6902905,154,0,154
6902905,396,2,396
6902905,156,0,156
6902905,398,1,398
6902905,157,0,157
6902905,4,0,4
6902905,158,0,158
6902905,407,2,407
6902905,159,0,159
6902905,41,0,41
6902905,16,0,16
6902905,43,0,43
6902905,161,0,161
6902905,44,0,44
6902905,162,0,162
6902905,45,0,45
6902905,163,0,163
6902905,46,0,46
6902905,164,0,164
6902905,47,0,47
6902905,167,2,167
6902905,48,0,48
6902905,169,0,169
6902905,5,0,5
6902905,17,0,17
6902905,55,0,55
6902905,172,0,172
6902905,6,0,6
6902905,173,0,173
6902905,7,0,7
6902905,174,0,174
6902905,8,0,8
6902905,175,0,175
6902905,9,0,9
6902905,18,0,18
6902905,184,2,184
6902905,20,0,20
6902905,21,0,21
6902905,213,1,213
6902905,22,0,22
6902905,23,0,23
6902905,24,0,24
6902905,25,0,25
6902905,26,0,26
6902905,28,0,28
6902905,282,2,282
6902905,283,2,283
6902905,285,2,285
6902906,46,0,46
6902906,101,0,101
6902906,44,0,44
6902906,104,0,104
6902906,47,0,47
6902906,107,0,107
6902906,50,0,50
6902906,11,0,11
6902906,57,0,57
6902906,110,0,110
6902906,59,0,59
6902906,113,0,113
6902906,6,0,6
6902906,119,0,119
6902906,60,0,60
6902906,122,0,122
6902906,63,0,63
6902906,125,0,125
6902906,7,0,7
6902906,13,0,13
6902906,70,0,70
6902906,131,0,131
6902906,73,0,73
6902906,137,0,137
6902906,76,0,76
6902906,140,0,140
6902906,78,0,78
6902906,143,0,143
6902906,79,0,79
6902906,146,0,146
6902906,80,0,80
6902906,149,0,149
6902906,82,0,82
6902906,15,0,15
6902906,84,0,84
6902906,155,0,155
6902906,85,0,85
6902906,177,0,177
6902906,88,0,88
6902906,180,0,180
6902906,89,0,89
6902906,186,0,186
6902906,92,0,92
6902906,192,0,192
6902906,95,0,95
6902906,195,0,195
6902906,98,0,98
6902906,198,0,198
6902906,201,0,201
6902906,207,0,207
6902906,210,0,210
6902906,219,0,219
6902906,226,0,226
6902906,27,0,27
6902906,29,0,29
6902906,32,0,32
6902906,34,0,34
6902906,36,0,36
6902906,37,0,37
6902906,38,0,38
6902906,39,0,39
6902906,40,0,40
6902906,41,0,41
6902906,42,0,42
6902906,43,0,43
6902906,53,0,53
6902906,54,0,54
6902906,55,0,55
6902906,56,0,56
6902908,186,0,186
6902908,1,0,1
6902908,17,0,17
6902908,100,0,100
6902908,189,0,189
6902908,102,0,102
6902908,191,0,191
6902908,103,0,103
6902908,213,0,213
6902908,104,0,104
6902908,216,0,216
6902908,106,0,106
6902908,22,0,22
6902908,108,0,108
6902908,225,0,225
6902908,109,0,109
6902908,228,0,228
6902908,11,0,11
6902908,231,0,231
6902908,110,0,110
6902908,234,0,234
6902908,112,0,112
6902908,237,0,237
6902908,113,0,113
6902908,24,0,24
6902908,114,0,114
6902908,243,0,243
6902908,116,0,116
6902908,246,0,246
6902908,117,0,117
6902908,25,0,25
6902908,119,0,119
6902908,259,0,259
6902908,120,0,120
6902908,26,0,26
6902908,121,0,121
6902908,262,0,262
6902908,122,0,122
6902908,268,0,268
6902908,125,0,125
6902908,28,0,28
6902908,126,0,126
6902908,30,0,30
6902908,127,0,127
6902908,33,0,33
6902908,128,0,128
6902908,36,0,36
6902908,129,0,129
6902908,38,0,38
6902908,13,0,13
6902908,4,0,4
6902908,130,0,130
6902908,42,0,42
6902908,131,0,131
6902908,45,0,45
6902908,134,0,134
6902908,46,0,46
6902908,137,0,137
6902908,47,0,47
6902908,139,0,139
6902908,5,0,5
6902908,140,0,140
6902908,51,0,51
6902908,141,0,141
6902908,52,0,52
6902908,143,0,143
6902908,53,0,53
6902908,146,0,146
6902908,54,0,54
6902908,149,0,149
6902908,55,0,55
6902908,150,0,150
6902908,56,0,56
6902908,151,0,151
6902908,57,0,57
6902908,152,0,152
6902908,58,0,58
6902908,155,0,155
6902908,59,0,59
6902908,16,0,16
6902908,6,0,6
6902908,167,0,167
6902908,195,0,195
6902908,60,0,60
6902908,198,0,198
6902908,62,0,62
6902908,2,0,2
6902908,63,0,63
6902908,21,0,21
6902908,64,0,64
6902908,67,0,67
6902908,68,0,68
6902908,69,0,69
6902908,7,0,7
6902908,70,0,70
6902908,72,0,72
6902908,73,0,73
6902908,78,0,78
6902908,8,0,8
6902908,80,0,80
6902908,83,0,83
6902908,85,0,85
6902908,86,0,86
6902908,88,0,88
6902908,89,0,89
6902908,91,0,91
6902908,92,0,92
6902908,94,0,94
6902908,95,0,95
6902908,96,0,96
6902908,97,0,97
6902908,98,0,98
6902909,165,0,165
6902909,1,0,1
6902909,164,0,164
6902909,101,0,101
6902909,167,0,167
6902909,102,0,102
6902909,168,0,168
6902909,103,0,103
6902909,174,0,174
6902909,104,0,104
6902909,176,0,176
6902909,105,0,105
6902909,177,0,177
6902909,107,0,107
6902909,18,0,18
6902909,11,0,11
6902909,180,0,180
6902909,110,0,110
6902909,183,0,183
6902909,111,0,111
6902909,185,0,185
6902909,116,0,116
6902909,186,0,186
6902909,118,0,118
6902909,187,0,187
6902909,119,0,119
6902909,188,0,188
6902909,120,0,120
6902909,189,0,189
6902909,121,0,121
6902909,190,0,190
6902909,122,0,122
6902909,192,0,192
6902909,125,0,125
6902909,195,0,195
6902909,128,0,128
6902909,197,0,197
6902909,130,0,130
6902909,199,0,199
6902909,132,0,132
6902909,2,0,2
6902909,133,0,133
6902909,201,0,201
6902909,134,0,134
6902909,205,0,205
6902909,135,0,135
6902909,208,0,208
6902909,136,0,136
6902909,21,0,21
6902909,137,0,137
6902909,210,0,210
6902909,138,0,138
6902909,212,0,212
6902909,141,0,141
6902909,213,0,213
6902909,144,0,144
6902909,25,0,25
6902909,146,0,146
6902909,32,0,32
6902909,147,0,147
6902909,35,0,35
6902909,149,0,149
6902909,37,0,37
6902909,150,0,150
6902909,38,0,38
6902909,152,0,152
6902909,39,0,39
6902909,153,0,153
6902909,40,0,40
6902909,155,0,155
6902909,43,0,43
6902909,156,0,156
6902909,46,0,46
6902909,157,0,157
6902909,48,0,48
6902909,159,0,159
6902909,49,0,49
6902909,160,0,160
6902909,52,0,52
6902909,162,0,162
6902909,54,0,54
6902909,163,0,163
6902909,169,0,169
6902909,55,0,55
6902909,170,0,170
6902909,58,0,58
6902909,171,0,171
6902909,59,0,59
6902909,173,0,173
6902909,60,0,60
6902909,61,0,61
6902909,62,0,62
6902909,64,0,64
6902909,65,0,65
6902909,66,0,66
6902909,67,0,67
6902909,68,0,68
6902909,7,0,7
6902909,70,0,70
6902909,71,0,71
6902909,74,0,74
6902909,75,0,75
6902909,76,0,76
6902909,77,0,77
6902909,80,0,80
6902909,81,0,81
6902909,83,0,83
6902909,84,0,84
6902909,85,0,85
6902909,86,0,86
6902909,89,0,89
6902909,90,0,90
6902909,91,0,91
6902909,92,0,92
6902909,95,0,95
6902909,98,0,98
6902953,11,2,11
6902953,12,2,12
6902953,13,1,13
6902953,14,2,14
6902953,15,2,15
6902953,17,1,17
6902953,18,2,18
6902953,19,0,19
6902953,20,2,20
6902953,21,2,21
6902953,22,2,22
6902953,23,2,23
6902953,24,2,24
6902953,25,2,25
6902953,26,2,26
6902953,27,2,27
6902953,28,2,28
6902953,29,2,29
6902953,9,2,9
6903024,189,0,189
6903024,393,0,393
6903025,115,0,115
6903025,123,0,123
6903025,190,0,190
6903025,196,2,196
6903025,204,2,204
6903026,1,0,1
6903026,10,0,10
6903026,11,0,11
6903026,12,0,12
6903026,13,0,13
6903026,14,0,14
6903026,15,0,15
6903026,16,0,16
6903026,17,0,17
6903026,19,0,19
6903026,20,0,20
6903026,22,0,22
6903026,23,0,23
6903026,24,0,24
6903026,25,0,25
6903026,27,0,27
6903026,29,0,29
6903026,3,0,3
6903026,35,0,35
6903026,38,0,38
6903026,4,0,4
6903026,5,0,5
6903026,6,0,6
6903026,7,0,7
6903026,72,0,72
6903026,78,0,78
6903026,87,0,87
6903026,9,0,9
6903249,107,2,107
6903249,121,2,121
6903249,126,2,126
6903249,130,2,130
6903249,141,2,141
6903249,143,0,143
6903249,168,2,168
6903249,42,2,42
6903249,44,0,44
6903249,56,2,56
6903249,85,0,85
6903249,96,0,96
6903249,97,0,97
6903249,98,0,98
6903249,99,0,99
6903250,156,0,156
6903250,158,0,158
6903250,163,0,163
6903250,165,0,165
6903250,56,0,56
6903250,63,0,63
6903250,76,0,76
6903250,86,0,86
6903250,88,0,88
6903549,161,0,161
6903549,1,0,1
6903549,160,0,160
6903549,100,0,100
6903549,162,0,162
6903549,101,0,101
6903549,163,0,163
6903549,102,0,102
6903549,168,0,168
6903549,103,0,103
6903549,169,0,169
6903549,104,0,104
6903549,170,0,170
6903549,105,0,105
6903549,171,2,171
6903549,106,0,106
6903549,172,0,172
6903549,107,0,107
6903549,173,0,173
6903549,108,0,108
6903549,174,0,174
6903549,109,0,109
6903549,175,0,175
6903549,110,0,110
6903549,176,0,176
6903549,111,0,111
6903549,177,0,177
6903549,114,2,114
6903549,178,0,178
6903549,115,0,115
6903549,179,0,179
6903549,116,0,116
6903549,18,0,18
6903549,117,0,117
6903549,180,0,180
6903549,118,0,118
6903549,181,2,181
6903549,119,2,119
6903549,182,0,182
6903549,120,0,120
6903549,185,0,185
6903549,121,0,121
6903549,186,0,186
6903549,122,0,122
6903549,2,2,2
6903549,123,0,123
6903549,204,0,204
6903549,124,0,124
6903549,208,2,208
6903549,125,0,125
6903549,209,2,209
6903549,126,0,126
6903549,21,0,21
6903549,128,0,128
6903549,210,0,210
6903549,131,0,131
6903549,211,0,211
6903549,133,0,133
6903549,213,2,213
6903549,146,2,146
6903549,214,2,214
6903549,150,0,150
6903549,215,2,215
6903549,151,2,151
6903549,221,0,221
6903549,152,0,152
6903549,223,0,223
6903549,153,0,153
6903549,23,0,23
6903549,154,0,154
6903549,24,0,24
6903549,155,0,155
6903549,25,0,25
6903549,156,0,156
6903549,26,0,26
6903549,157,2,157
6903549,29,0,29
6903549,158,0,158
6903549,3,0,3
6903549,159,0,159
6903549,30,2,30
6903549,16,0,16
6903549,164,0,164
6903549,31,0,31
6903549,165,0,165
6903549,32,0,32
6903549,166,0,166
6903549,34,0,34
6903549,167,0,167
6903549,35,0,35
6903549,36,0,36
6903549,37,0,37
6903549,38,0,38
6903549,39,0,39
6903549,41,1,41
6903549,42,0,42
6903549,46,0,46
6903549,49,0,49
6903549,5,2,5
6903549,51,0,51
6903549,56,0,56
6903549,57,0,57
6903549,6,2,6
6903549,62,0,62
6903549,68,2,68
6903549,69,0,69
6903549,70,0,70
6903549,71,0,71
6903549,72,2,72
6903549,76,2,76
6903549,8,0,8
6903549,81,0,81
6903549,85,2,85
6903549,86,0,86
6903549,87,0,87
6903549,89,0,89
6903549,90,0,90
6903549,91,2,91
6903549,92,0,92
6903549,93,0,93
6903549,95,0,95
6903549,96,0,96
6903549,98,0,98
6903550,91,0,91
6903550,100,0,100
6903550,90,0,90
6903550,101,0,101
6903550,92,0,92
6903550,102,0,102
6903550,93,0,93
6903550,103,0,103
6903550,98,0,98
6903550,104,0,104
6903550,99,0,99
6903550,105,0,105
6903550,106,0,106
6903550,107,0,107
6903550,108,0,108
6903550,109,0,109
6903550,111,0,111
6903550,112,0,112
6903550,115,0,115
6903550,116,0,116
6903550,119,0,119
6903550,122,0,122
6903550,123,0,123
6903550,124,0,124
6903550,125,0,125
6903550,127,0,127
6903550,128,0,128
6903550,129,2,129
6903550,134,0,134
6903550,136,0,136
6903550,137,0,137
6903550,138,0,138
6903550,142,0,142
6903550,75,2,75
6903550,76,2,76
6903550,78,0,78
6903550,79,0,79
6903550,80,2,80
6903550,81,2,81
6903550,82,0,82
6903550,83,0,83
6903550,84,0,84
6903550,85,2,85
6903550,86,0,86
6903550,87,0,87
6903550,88,0,88
6903550,89,0,89
6903550,94,0,94
6903550,95,0,95
6903550,96,0,96
6903550,97,0,97
6903553,100,0,100
6903553,101,0,101
6903553,102,0,102
6903553,103,0,103
6903553,104,0,104
6903553,105,0,105
6903553,107,2,107
6903553,111,0,111
6903553,120,0,120
6903553,23,0,23
6903553,79,0,79
6903553,80,0,80
6903553,81,0,81
6903553,82,0,82
6903553,83,0,83
6903553,86,0,86
6903553,87,0,87
6903553,90,0,90
6903553,91,0,91
6903553,92,0,92
6903553,93,0,93
6903553,94,0,94
6903553,95,0,95
6903553,96,0,96
6903553,97,0,97
6903553,98,0,98
6903553,99,0,99
6903554,160,0,160
6903554,1,0,1
6903554,159,0,159
6903554,100,0,100
6903554,161,0,161
6903554,101,0,101
6903554,162,0,162
6903554,102,0,102
6903554,20,0,20
6903554,103,0,103
6903554,21,0,21
6903554,105,0,105
6903554,22,0,22
6903554,106,0,106
6903554,23,0,23
6903554,107,0,107
6903554,3,2,3
6903554,108,0,108
6903554,35,0,35
6903554,109,0,109
6903554,36,0,36
6903554,110,0,110
6903554,37,0,37
6903554,111,0,111
6903554,4,0,4
6903554,112,0,112
6903554,41,0,41
6903554,113,0,113
6903554,42,2,42
6903554,114,0,114
6903554,43,2,43
6903554,115,0,115
6903554,44,2,44
6903554,116,0,116
6903554,45,0,45
6903554,117,0,117
6903554,47,0,47
6903554,118,0,118
6903554,48,0,48
6903554,119,0,119
6903554,5,2,5
6903554,120,0,120
6903554,50,0,50
6903554,121,0,121
6903554,51,0,51
6903554,122,0,122
6903554,53,0,53
6903554,123,0,123
6903554,54,0,54
6903554,124,0,124
6903554,55,0,55
6903554,125,0,125
6903554,56,0,56
6903554,126,0,126
6903554,57,0,57
6903554,127,0,127
6903554,59,0,59
6903554,128,0,128
6903554,6,0,6
6903554,129,0,129
6903554,60,0,60
6903554,131,0,131
6903554,62,0,62
6903554,132,0,132
6903554,63,0,63
6903554,133,0,133
6903554,65,1,65
6903554,134,0,134
6903554,66,2,66
6903554,135,0,135
6903554,68,0,68
6903554,138,0,138
6903554,69,0,69
6903554,14,0,14
6903554,7,0,7
6903554,144,0,144
6903554,70,0,70
6903554,146,0,146
6903554,71,2,71
6903554,147,0,147
6903554,72,0,72
6903554,15,0,15
6903554,17,0,17
6903554,73,0,73
6903554,18,0,18
6903554,75,2,75
6903554,19,2,19
6903554,76,0,76
6903554,2,0,2
6903554,79,0,79
6903554,8,0,8
6903554,80,0,80
6903554,81,0,81
6903554,82,0,82
6903554,86,0,86
6903554,89,0,89
6903554,90,2,90
6903554,91,2,91
6903554,93,0,93
6903554,94,0,94
6903554,95,2,95
6903554,96,0,96
6903554,97,0,97
6903554,98,0,98
6903555,34,2,34
6903555,35,2,35
6903555,37,2,37
6903555,38,2,38
6903555,47,2,47
6903555,5,2,5
6903555,53,2,53
6903555,54,2,54
6903555,55,2,55
6903555,56,0,56
6903555,57,0,57
6903555,60,1,60
6903555,62,0,62
6903555,67,2,67
6903555,7,0,7
6903555,79,0,79
6903555,8,2,8
6903555,80,2,80
6903567,156,2,156
6903567,10,2,10
6903567,155,2,155
6903567,101,0,101
6903567,157,0,157
6903567,102,0,102
6903567,158,0,158
6903567,104,0,104
6903567,162,0,162
6903567,105,0,105
6903567,163,2,163
6903567,106,2,106
6903567,164,0,164
6903567,107,2,107
6903567,185,0,185
6903567,108,0,108
6903567,186,2,186
6903567,11,0,11
6903567,187,0,187
6903567,110,0,110
6903567,188,2,188
6903567,111,2,111
6903567,19,0,19
6903567,112,2,112
6903567,190,2,190
6903567,113,0,113
6903567,191,0,191
6903567,114,0,114
6903567,192,0,192
6903567,115,0,115
6903567,194,0,194
6903567,116,0,116
6903567,196,0,196
6903567,117,2,117
6903567,199,2,199
6903567,118,2,118
6903567,20,0,20
6903567,119,2,119
6903567,23,2,23
6903567,122,1,122
6903567,24,2,24
6903567,125,3,125
6903567,27,0,27
6903567,129,2,129
6903567,28,2,28
6903567,13,0,13
6903567,29,2,29
6903567,130,0,130
6903567,3,0,3
6903567,131,3,131
6903567,30,0,30
6903567,132,0,132
6903567,35,0,35
6903567,136,2,136
6903567,39,0,39
6903567,137,2,137
6903567,4,2,4
6903567,138,0,138
6903567,41,2,41
6903567,139,1,139
6903567,44,3,44
6903567,140,2,140
6903567,58,2,58
6903567,141,2,141
6903567,63,2,63
6903567,142,1,142
6903567,64,1,64
6903567,143,1,143
6903567,68,0,68
6903567,144,2,144
6903567,69,2,69
6903567,145,2,145
6903567,70,2,70
6903567,146,3,146
6903567,71,2,71
6903567,150,1,150
6903567,72,1,72
6903567,151,2,151
6903567,73,2,73
6903567,152,2,152
6903567,74,0,74
6903567,154,2,154
6903567,159,2,159
6903567,78,0,78
6903567,16,0,16
6903567,79,0,79
6903567,160,0,160
6903567,8,0,8
6903567,161,0,161
6903567,80,0,80
6903567,82,0,82
6903567,83,0,83
6903567,84,0,84
6903567,85,0,85
6903567,86,2,86
6903567,87,2,87
6903567,88,0,88
6903567,89,2,89
6903567,90,2,90
6903567,91,2,91
6903567,92,2,92
6903567,93,2,93
6903567,94,2,94
6903567,95,3,95
6903567,96,0,96
6903567,97,2,97
6903567,98,1,98
6903568,74,2,74
6903568,77,3,77
6903568,78,0,78
6903568,79,0,79
6903568,80,0,80
6903568,81,0,81
6903568,82,0,82
6903568,83,2,83
6903568,84,0,84
6903568,86,0,86
6903568,87,0,87
6903568,88,0,88
6903568,89,0,89
6903568,90,0,90
6903569,26,3,26
6903569,10,0,10
6903569,25,0,25
6903569,100,0,100
6903569,27,0,27
6903569,101,0,101
6903569,28,0,28
6903569,102,0,102
6903569,33,2,33
6903569,103,2,103
6903569,34,0,34
6903569,104,0,104
6903569,35,2,35
6903569,105,0,105
6903569,36,0,36
6903569,106,0,106
6903569,37,2,37
6903569,107,0,107
6903569,38,0,38
6903569,108,0,108
6903569,39,2,39
6903569,11,2,11
6903569,4,0,4
6903569,112,2,112
6903569,40,0,40
6903569,113,0,113
6903569,41,0,41
6903569,117,0,117
6903569,42,0,42
6903569,12,0,12
6903569,43,0,43
6903569,121,0,121
6903569,44,0,44
6903569,122,0,122
6903569,45,0,45
6903569,123,0,123
6903569,46,0,46
6903569,125,0,125
6903569,47,0,47
6903569,13,2,13
6903569,48,0,48
6903569,136,0,136
6903569,49,2,49
6903569,138,0,138
6903569,5,0,5
6903569,139,0,139
6903569,50,2,50
6903569,140,0,140
6903569,51,2,51
6903569,141,0,141
6903569,52,0,52
6903569,142,0,142
6903569,54,0,54
6903569,15,0,15
6903569,55,2,55
6903569,150,0,150
6903569,57,0,57
6903569,155,0,155
6903569,59,0,59
6903569,157,0,157
6903569,6,0,6
6903569,159,0,159
6903569,63,2,63
6903569,16,0,16
6903569,64,2,64
6903569,17,0,17
6903569,65,0,65
6903569,171,0,171
6903569,66,0,66
6903569,18,0,18
6903569,67,2,67
6903569,19,0,19
6903569,68,0,68
6903569,2,0,2
6903569,69,0,69
6903569,20,0,20
6903569,7,0,7
6903569,22,0,22
6903569,70,0,70
6903569,23,0,23
6903569,71,0,71
6903569,24,0,24
6903569,29,0,29
6903569,72,2,72
6903569,30,0,30
6903569,73,0,73
6903569,31,2,31
6903569,74,0,74
6903569,32,0,32
6903569,79,0,79
6903569,8,0,8
6903569,80,0,80
6903569,82,0,82
6903569,83,0,83
6903569,85,0,85
6903569,86,0,86
6903569,87,0,87
6903569,88,0,88
6903569,89,0,89
6903569,9,0,9
6903569,90,2,90
6903569,92,0,92
6903569,93,0,93
6903569,95,0,95
6903569,96,0,96
6903569,98,0,98
6903569,99,0,99
6903576,11,2,11
6903576,37,2,37
6903576,43,3,43
6903576,52,1,52
6903577,36,0,36
6903577,100,0,100
6903577,35,0,35
6903577,102,0,102
6903577,37,0,37
6903577,104,0,104
6903577,38,0,38
6903577,107,1,107
6903577,43,0,43
6903577,108,2,108
6903577,44,0,44
6903577,109,0,109
6903577,45,0,45
6903577,129,2,129
6903577,46,0,46
6903577,131,0,131
6903577,48,0,48
6903577,132,0,132
6903577,49,0,49
6903577,138,0,138
6903577,5,0,5
6903577,139,0,139
6903577,50,0,50
6903577,140,0,140
6903577,51,0,51
6903577,141,0,141
6903577,52,0,52
6903577,142,0,142
6903577,53,0,53
6903577,172,0,172
6903577,54,0,54
6903577,173,0,173
6903577,59,0,59
6903577,174,0,174
6903577,66,0,66
6903577,180,0,180
6903577,68,0,68
6903577,182,0,182
6903577,69,0,69
6903577,183,0,183
6903577,72,0,72
6903577,76,0,76
6903577,189,4,189
6903577,78,0,78
6903577,80,0,80
6903577,191,4,191
6903577,81,0,81
6903577,192,4,192
6903577,82,0,82
6903577,195,2,195
6903577,83,2,83
6903577,196,0,196
6903577,86,0,86
6903577,197,4,197
6903577,87,0,87
6903577,20,0,20
6903577,88,0,88
6903577,21,0,21
6903577,91,0,91
6903577,22,0,22
6903577,93,0,93
6903577,23,0,23
6903577,94,0,94
6903577,24,3,24
6903577,98,0,98
6903577,26,0,26
6903577,99,0,99
6903577,27,0,27
6903577,28,0,28
6903577,29,0,29
6903577,31,0,31
6903577,32,0,32
6903577,33,0,33
6903577,34,0,34
6903577,39,0,39
6903577,40,0,40
6903577,41,0,41
6903577,42,0,42
6903578,122,3,122
6903578,147,0,147
6903578,148,3,148
6903578,157,4,157
6903578,158,4,158
6903578,169,4,169
6903578,174,3,174
6903578,177,0,177
6903578,179,0,179
6903578,180,2,180
6903578,181,3,181
6903578,182,0,182
6903578,183,0,183
6903578,184,0,184
6903578,185,0,185
6903578,187,0,187
6903578,188,0,188
6903578,190,4,190
6903578,191,0,191
6903578,45,0,45
6903578,52,0,52
6903578,53,0,53
6903578,61,0,61
6903578,63,0,63
6903578,65,2,65
6903578,74,0,74
6903578,83,3,83
6903805,33,4,33
6903823,13,2,13
6903823,14,2,14
6903823,15,3,15
6903823,16,0,16
6903823,17,2,17
6903823,18,0,18
6903823,21,2,21
6903823,22,2,22
6903823,23,0,23
6903823,24,3,24
6903823,27,0,27
6903823,28,0,28
6903823,32,0,32
6903823,35,0,35
6903823,60,0,60
6903823,62,0,62
6903823,63,0,63
6903823,66,0,66
6903823,67,0,67
6903823,68,0,68
6903823,84,0,84
6903823,94,0,94
6903825,14,1,14
6903825,18,2,18
6903828,10,2,10
6903828,11,2,11
6903828,12,2,12
6903828,13,2,13
6903828,14,0,14
6903828,15,2,15
6903828,16,2,16
6903828,17,2,17
6903828,18,2,18
6903828,20,1,20
6903828,21,2,21
6903828,22,2,22
6903828,24,0,24
6903828,4,4,4
6903828,5,2,5
6903828,6,2,6
6903828,7,2,7
6903828,8,2,8
6903828,9,2,9
6904118,10,2,10
6904118,112,2,112
6904118,119,2,119
6904118,124,2,124
6904118,22,2,22
6904118,45,1,45
6904118,62,1,62
6904118,69,1,69
6904118,84,1,84
6904118,87,1,87
6904118,90,1,90
6904118,92,1,92
6904240,10,1,10
6904240,23,3,23
6904240,24,2,24
6904240,28,2,28
6904240,37,1,37
6904240,38,0,38
6904240,39,0,39
6904240,41,3,41
6904240,43,2,43
6904240,45,2,45
6904240,47,3,47
6904240,51,2,51
6904240,53,2,53
6904240,55,1,55
6904240,57,1,57
6904240,59,1,59
6904240,60,1,60
6904240,62,1,62
6904240,64,1,64
6904240,66,1,66
6904240,72,1,72
6904240,8,2,8
6904241,3,2,3
6904241,32,2,32
6904241,33,1,33
6904241,35,1,35
6904241,36,1,36
6904241,37,1,37
6904241,4,3,4
6904241,40,2,40
6904241,41,2,41
6904241,43,3,43
6904241,46,0,46
6904241,47,0,47
6904241,48,0,48
6904241,49,0,49
6904241,50,0,50
6904241,51,2,51
6904241,52,2,52
6990505,11,0,11
6990505,12,0,12
6990505,13,0,13
6990505,15,0,15
6990505,17,0,17
6990505,21,0,21
6990505,22,0,22
6990505,24,0,24
6990505,25,0,25
6990505,27,0,27
6990505,28,0,28
6990505,30,0,30
6990505,34,0,34
6990505,35,0,35
6990505,37,2,37
6990505,39,0,39
6990505,4,0,4
6990505,42,2,42
6990505,45,2,45
6990505,46,0,46
6990505,48,2,48
6990505,51,2,51
6990505,54,0,54
6990505,55,0,55
6990505,56,0,56
6990505,57,0,57
6990505,58,0,58
7900559,123,0,123
7900561,105,0,105
7900561,80,2,80
7900561,81,2,81
7900562,210,0,210
7900562,107,0,107
7900562,209,3,209
7900562,108,0,108
7900562,212,0,212
7900562,113,2,113
7900562,213,0,213
7900562,114,2,114
7900562,223,2,223
7900562,119,0,119
7900562,23,0,23
7900562,124,1,124
7900562,231,2,231
7900562,125,1,125
7900562,232,2,232
7900562,148,2,148
7900562,233,2,233
7900562,150,2,150
7900562,234,2,234
7900562,151,2,151
7900562,235,0,235
7900562,153,0,153
7900562,238,2,238
7900562,156,0,156
7900562,239,0,239
7900562,157,2,157
7900562,24,2,24
7900562,158,3,158
7900562,26,2,26
7900562,159,2,159
7900562,28,2,28
7900562,160,2,160
7900562,29,2,29
7900562,176,2,176
7900562,30,2,30
7900562,178,2,178
7900562,31,2,31
7900562,182,1,182
7900562,33,2,33
7900562,183,1,183
7900562,37,1,37
7900562,184,2,184
7900562,52,1,52
7900562,185,3,185
7900562,58,1,58
7900562,186,1,186
7900562,59,1,59
7900562,187,1,187
7900562,60,2,60
7900562,189,1,189
7900562,62,2,62
7900562,190,1,190
7900562,98,0,98
7900562,191,1,191
7900562,193,1,193
7900562,194,2,194
7900562,195,1,195
7900562,196,1,196
7900562,197,1,197
7900562,198,1,198
7900562,199,2,199
7900562,200,1,200
7900562,201,2,201
7900562,202,1,202
7900562,203,1,203
7900562,204,3,204
7900562,206,1,206
7900562,208,2,208
7900562,215,3,215
7900562,219,0,219
7900562,22,2,22
7900562,221,2,221
7900585,194,0,194
7900585,1,0,1
7900585,193,1,193
7900585,103,2,103
7900585,195,2,195
7900585,104,1,104
7900585,197,1,197
7900585,105,1,105
7900585,210,1,210
7900585,106,1,106
7900585,218,1,218
7900585,107,2,107
7900585,220,1,220
7900585,109,1,109
7900585,225,3,225
7900585,110,1,110
7900585,23,1,23
7900585,111,1,111
7900585,232,3,232
7900585,115,1,115
7900585,233,1,233
7900585,116,1,116
7900585,25,1,25
7900585,118,3,118
7900585,26,0,26
7900585,12,1,12
7900585,3,0,3
7900585,120,1,120
7900585,37,1,37
7900585,122,1,122
7900585,38,1,38
7900585,123,1,123
7900585,39,1,39
7900585,127,3,127
7900585,4,1,4
7900585,128,1,128
7900585,42,2,42
7900585,13,2,13
7900585,61,2,61
7900585,131,1,131
7900585,62,2,62
7900585,133,1,133
7900585,63,1,63
7900585,137,1,137
7900585,64,2,64
7900585,138,1,138
7900585,66,1,66
7900585,140,1,140
7900585,67,2,67
7900585,142,1,142
7900585,68,2,68
7900585,144,1,144
7900585,69,2,69
7900585,145,1,145
7900585,7,1,7
7900585,146,1,146
7900585,74,1,74
7900585,147,1,147
7900585,79,2,79
7900585,151,1,151
7900585,81,2,81
7900585,152,1,152
7900585,9,2,9
7900585,178,0,178
7900585,179,1,179
7900585,180,1,180
7900585,182,1,182
7900585,185,2,185
7900585,188,1,188
7900585,189,1,189
7900585,190,1,190
7900585,191,1,191
7900585,192,1,192
7900585,2,0,2
7900585,205,1,205
7900585,206,1,206
7900585,207,1,207
7900943,12,2,12
7900943,35,1,35
7900943,36,1,36
7900943,37,2,37
7900943,44,2,44
7900943,45,1,45
7900943,47,1,47
7900943,48,1,48
7900943,49,0,49
7900943,51,0,51
7900943,52,2,52
7900943,53,0,53
7900947,1032,2,1032
7900947,1034,0,1034
7900947,1035,1,1035
7900947,1036,2,1036
7900947,1037,0,1037
7900947,1042,0,1042
7900947,13,0,13
7900947,18,2,18
7901001,10,4,10
7901001,39,2,39
7901001,42,0,42
7901001,43,2,43
7901001,57,2,57
7901095,12,2,12
7901095,13,2,13
7901095,3,3,3
7901095,6,0,6
