WMO,CYCLE_NUMBER,critical_pres,total_area_aou,total_area_bbp,integrated_poc
5903887,237,220,232.52142782554282,0.00309758625696635,708.4684555693817
6901578,15,500,2670.9540787846213,0.00309758625696635,120.04411501586192
6901578,269,420,345.009117568088,0.00309758625696635,48.388389693304546
6901578,209,340,1331.0834284883708,0.00309758625696635,118.73015351825676
6901578,258,580,1566.83811460974,0.00309758625696635,107.82734875341886
6901578,334,340,3110.9831758546475,0.00309758625696635,75.48352634596381
6901578,328,660,8142.881673671996,0.00309758625696635,437.60194231850056
6901578,329,500,2997.363322579253,0.00309758625696635,97.63024660070286
6901578,207,300,239.85856983773465,0.00309758625696635,184.74372055155428
6901578,264,300,648.6188600298395,0.00309758625696635,214.58461677750685
6901578,127,620,842.653487169548,0.00309758625696635,114.19175070415523
6901578,48,420,1308.9016772274085,0.00309758625696635,65.03425695137683
6901578,249,580,3546.1351659959028,0.00309758625696635,203.50355316446118
6901578,276,300,982.7600204916833,0.00309758625696635,181.16857023179983
6901578,14,500,2303.2683755734392,0.00309758625696635,161.4367557919432
6901578,325,500,1156.4725058893418,0.00309758625696635,90.35577614751743
6901578,357,460,2603.4575235154052,0.00309758625696635,146.0245536011363
6901484,36,260,0,0.00309758625696635,30.77635614829038
6901484,12,340,1181.4429206448294,0.00309758625696635,797.8384970421929
6901484,5,260,484.6303902648709,0.00309758625696635,230.15721430369626
6901484,24,340,999.7348987742654,0.00309758625696635,231.05283760683858
6901765,191,420,1253.923693848479,0.00309758625696635,159.19217902921775
6901765,133,540,2807.3223775475985,0.00309758625696635,270.93091999776135
3901497,191,820,2243.4818106697167,0.00309758625696635,154.93010166364616
5904980,93,740,158.2683195003338,0.00309758625696635,33.794612801472056
5904980,67,700,654.9540479881157,0.00309758625696635,94.49423757922747
5904980,106,260,804.826333944207,0.00309758625696635,44.87005927966372
5904980,70,300,705.0805889512899,0.00309758625696635,86.18137220343165
6902549,27,300,918.4923020029834,0.00309758625696635,53.54316047810713
6902549,46,300,1629.0877046294463,0.00309758625696635,327.27299211823293
6902549,18,220,573.3320786746453,0.00309758625696635,219.99638965757046
6902549,35,860,510.1904832331035,0.00309758625696635,9.063879330326365
6902549,43,340,1396.1373414046232,0.00309758625696635,644.6055548377657
6902549,39,340,3324.1955168615464,0.00309758625696635,1376.892294350466
6902549,179,260,369.97136494378447,0.00309758625696635,150.8155399815291
6902549,42,300,158.76288880025982,0.00309758625696635,245.70899668499683
6902549,187,260,464.8381334826485,0.00309758625696635,425.07303605203975
6902549,37,420,2262.190327950331,0.00309758625696635,869.1199892754012
6902549,237,740,574.866496916293,0.00309758625696635,36.971944614473976
6902549,38,380,2474.387904884497,0.00309758625696635,780.4072578366745
5906032,79,420,0,0.00309758625696635,0
5906032,88,260,1645.9000600590412,0.00309758625696635,194.96991035565438
5906032,110,380,818.2875148235232,0.00309758625696635,33.062986657372726
5905982,117,300,1730.1942400402008,0.00309758625696635,149.9223115032206
5905982,115,260,1868.2544309906793,0.00309758625696635,97.47565510246635
5905982,70,900,946.845360218445,0.00309758625696635,29.896605029059852
5905982,119,220,852.1962923898916,0.00309758625696635,124.66301565643779
4903365,8,340,511.5939743695888,0.00309758625696635,18.0189851369809
4903365,96,580,169.14913713734785,0.00309758625696635,57.35964350567031
4903365,2,380,1763.6135607410172,0.00309758625696635,59.844965208293814
4903365,98,300,233.05609898980606,0.00309758625696635,92.99850397217737
4903365,85,460,1252.833054751973,0.00309758625696635,110.71446438482043
4903365,49,460,698.4374718222458,0.00309758625696635,93.29105786643576
4903365,38,260,1471.2934571139717,0.00309758625696635,335.69988183722586
4903365,100,220,173.2490856324635,0.00309758625696635,36.23442431897109
4903365,3,340,1186.4176502869961,0.00309758625696635,116.63193586281108
4903365,39,340,1116.2974708427164,0.00309758625696635,151.47304842243054
4903365,51,380,725.8591000041747,0.00309758625696635,49.66237560942607
4903365,44,620,290.97016419179124,0.00309758625696635,106.41901122689512
4903365,13,300,1481.2229356562173,0.00309758625696635,122.18255500687343
4903365,111,260,1509.7492494573435,0.00309758625696635,82.33695492766851
4903365,25,580,278.69571212143114,0.00309758625696635,16.187794172657025
4903365,26,500,587.903597322111,0.00309758625696635,39.46641895963008
4903365,15,460,806.3632329135438,0.00309758625696635,70.1018154455167
4903365,77,260,243.18765934731607,0.00309758625696635,48.53789470392392
4903365,45,420,321.45775766488913,0.00309758625696635,300.18665732606473
4903365,75,300,517.6903886253273,0.00309758625696635,27.886822425258842
4903365,83,660,569.2104208922128,0.00309758625696635,53.74885761938301
4903365,99,220,132.69431338400386,0.00309758625696635,66.51123595655066
4903365,16,220,0,0.00309758625696635,1.4213837002246155
6901775,58,220,1566.0547632892676,0.00309758625696635,380.5840351062001
6901775,248,220,128.7298581575763,0.00309758625696635,111.18569863412186
6901775,74,340,1295.3001145147175,0.00309758625696635,96.51789141805696
6903549,37,500,549.0801733819912,0.00309758625696635,54.28691374129352
5906043,8,300,4734.383047471436,0.00309758625696635,191.14974309540875
5906043,7,300,4864.859052878753,0.00309758625696635,103.97878443032401
5905371,92,300,233.1869211595887,0.00309758625696635,22.778074443894223
5905371,109,500,979.9413668173609,0.00309758625696635,208.96076276992767
5905371,126,380,433.5901420473127,0.00309758625696635,83.70656526676159
5905371,134,540,0,0.00309758625696635,17.618789750340795
5905371,122,940,0,0.00309758625696635,41.31111228542038
5905371,44,220,346.93895487534917,0.00309758625696635,38.26313908804572
5905371,42,260,612.8505375490374,0.00309758625696635,59.75446164685209
5905371,47,660,1549.7676880682252,0.00309758625696635,58.791950590831306
5905371,73,300,1440.2150442769678,0.00309758625696635,353.344721048885
5905371,68,340,953.9815353746891,0.00309758625696635,52.75026612630993
5905371,74,380,789.6268562844593,0.00309758625696635,193.44258786023406
5905371,127,220,1161.9687504491571,0.00309758625696635,11.366226840581186
5905371,128,340,531.8520406771465,0.00309758625696635,62.047939546103756
5906545,10,220,733.4858796050486,0.00309758625696635,55.52891513971236
5905991,82,500,326.11387274686484,0.00309758625696635,72.15292907607507
5906636,108,940,1038.2045260160346,0.00309758625696635,69.36975936790175
5906636,10,500,922.2760079545181,0.00309758625696635,85.51221981771228
5906636,116,260,800.0195515810168,0.00309758625696635,282.2515925430005
5906206,104,420,0,0.00309758625696635,2.515194551324383
5906206,83,380,1166.2729120769227,0.00309758625696635,39.449141035276895
5906206,118,380,3069.6191173801362,0.00309758625696635,49.633045418331065
2903465,39,300,2047.7449489382593,0.00309758625696635,98.05405274351116
2903465,42,260,2818.562860009542,0.00309758625696635,90.84525375804452
2903465,1,300,2683.8146911138474,0.00309758625696635,79.7433630590555
5904676,139,220,54.61165235702456,0.00309758625696635,5129.966240127407
5904676,22,420,188.4273923158983,0.00309758625696635,61.99735669020288
5904676,5,380,4753.357783151241,0.00309758625696635,512.0056115097973
5904676,141,300,49.880447776354636,0.00309758625696635,644.6373333184177
5904676,58,300,2942.48562371934,0.00309758625696635,165.2459206527925
5904676,24,340,2511.5009557243598,0.00309758625696635,196.1726151635777
5904676,23,220,926.8469321096752,0.00309758625696635,71.52555457289216
5904676,35,260,1058.349933515871,0.00309758625696635,294.9025558857616
6901512,134,220,2824.325928461478,0.00309758625696635,390.2599828478379
6901512,128,220,1514.652365422054,0.00309758625696635,416.6520437818128
6901512,138,540,811.7726909581316,0.00309758625696635,82.91977942466055
6901512,104,220,1090.6977013897624,0.00309758625696635,207.5051542422821
6901512,129,260,1349.5971241456973,0.00309758625696635,171.13595726336465
6901512,137,300,1959.8089572812994,0.00309758625696635,362.62056935013595
5904678,132,380,4173.499093456463,0.00309758625696635,372.1597591016794
5904678,29,500,447.9021233188578,0.00309758625696635,566.1285910860228
5904678,127,860,929.781222142877,0.00309758625696635,3.9493062417503757
5904678,36,260,825.657677360771,0.00309758625696635,12.399357133601356
5904678,122,940,0,0.00309758625696635,8.638018394846068
5906552,9,500,214.17885569836506,0.00309758625696635,6.051075100114289
5906552,16,460,719.982178991705,0.00309758625696635,130.85154210276804
5906552,61,860,402.34024678827626,0.00309758625696635,17.944014933307663
5906552,14,900,394.04781074897505,0.00309758625696635,17.437056047196023
6901767,179,260,1224.5291043272068,0.00309758625696635,949.3440563840113
2903473,2,420,1162.82156215604,0.00309758625696635,40.36277829657934
5906317,101,300,774.0390549557469,0.00309758625696635,69.1884844172656
5906317,25,340,2385.4387615584915,0.00309758625696635,110.16526263062012
5906317,63,300,1759.081925316349,0.00309758625696635,264.3944755395214
5906317,35,540,0,0.00309758625696635,308.9358401866898
5906317,62,300,3349.4958902971116,0.00309758625696635,90.19296610706233
5906317,28,500,1980.0087171189996,0.00309758625696635,32.80469450742718
5906317,97,300,2607.5677659752096,0.00309758625696635,117.18071969111949
5906317,108,260,707.484813767009,0.00309758625696635,139.5178858118331
5906317,77,300,856.6495024025417,0.00309758625696635,91.87257092540173
5906317,33,220,2128.891469764611,0.00309758625696635,2194.578948837594
5906317,41,420,1763.5132960940994,0.00309758625696635,5.999475462554382
5906317,81,420,2765.984273673308,0.00309758625696635,20.77004114746096
5906317,76,340,3430.7504397242596,0.00309758625696635,330.87592762675587
5906317,21,260,3660.9477327206687,0.00309758625696635,54.99690837114755
5906317,127,260,80.87676375793298,0.00309758625696635,19.98452317815243
5906317,24,420,6952.941729677517,0.00309758625696635,236.56750202531254
5906317,29,340,3219.2520253967846,0.00309758625696635,395.6720652699567
5906317,26,420,6065.600690509033,0.00309758625696635,194.01173950172304
5906317,121,260,1422.1953447292278,0.00309758625696635,145.7046992542894
5905070,47,380,432.48398469085464,0.00309758625696635,23.4997786613203
5905070,52,380,536.1545533778955,0.00309758625696635,88.51074296572907
5905377,66,260,878.6902800752899,0.00309758625696635,132.50881883031013
5905377,144,500,3063.45192478426,0.00309758625696635,0
5905377,138,340,2303.319976555049,0.00309758625696635,399.54788471255864
5905377,141,220,2028.4770654507977,0.00309758625696635,402.65119302639937
5905377,147,460,1570.0193928556441,0.00309758625696635,400.55950496626815
5905377,140,460,2749.9414290596933,0.00309758625696635,179.4602328577731
5905377,134,300,3549.9223661553506,0.00309758625696635,89.22066390450547
5905377,136,260,0,0.00309758625696635,40.320862161772446
5905377,142,340,1944.7199429209627,0.00309758625696635,135.34042020210774
5903718,136,540,1546.1325938281525,0.00309758625696635,173.11142096628438
5903718,135,660,1224.5736493854638,0.00309758625696635,176.42091885151063
5903718,160,300,1676.3355343054195,0.00309758625696635,169.33581630590382
5903718,33,220,428.89803411521007,0.00309758625696635,38.74367988351805
5903718,106,420,609.8056542653746,0.00309758625696635,68.46315329412124
5903718,114,220,2143.1698109447266,0.00309758625696635,353.63482828382024
5903718,172,300,929.484706605312,0.00309758625696635,55.20460343384408
5903718,139,380,3854.088679232122,0.00309758625696635,1274.7486573128247
5903718,108,460,6856.126968468282,0.00309758625696635,107.55317490002678
5903718,141,220,1217.1861287674283,0.00309758625696635,108.63599799314626
5906972,53,740,602.6518997040224,0.00309758625696635,50.55798930708885
6902739,236,420,5210.2648972341685,0.00309758625696635,164.90844919270722
6902739,238,220,5485.414003725933,0.00309758625696635,280.56464119757567
4903757,9,380,1061.8439131747061,0.00309758625696635,10.865840358937767
5906303,49,500,1533.8924001267856,0.00309758625696635,90.95112236325716
5906562,33,260,1136.3957920623468,0.00309758625696635,111.90650631346237
5906562,17,300,1147.268225929596,0.00309758625696635,79.28350052764117
5906562,59,260,2188.003951345532,0.00309758625696635,119.21225411740299
5906562,19,860,1732.5051240379385,0.00309758625696635,89.36374919474176
5906562,16,460,2918.2029547310603,0.00309758625696635,314.1277295419175
5906562,23,220,4373.163127341397,0.00309758625696635,167.37753688253633
6902905,358,260,1168.748871700643,0.00309758625696635,263.8290987983969
6902905,201,300,352.585733419461,0.00309758625696635,60.52459998040475
6902905,219,540,1551.295715618818,0.00309758625696635,108.88642507447048
6902905,232,220,675.4757632034764,0.00309758625696635,161.41359879004781
6902905,199,740,0,0.00309758625696635,21.748386774754728
6902905,398,660,1135.2931587694163,0.00309758625696635,160471.01247015403
6902905,234,660,1066.4755853529182,0.00309758625696635,108.49855800793448
6902905,235,220,441.61747527244347,0.00309758625696635,107.1700587234991
6902905,410,660,705.4421979189433,0.00309758625696635,191355.59229735224
6902905,233,580,763.2492457169467,0.00309758625696635,60.738041231923866
6902905,267,820,201.14778906238325,0.00309758625696635,85.29797462936511
5906000,87,380,1028.3848991760203,0.00309758625696635,28.976664905577817
5906000,84,460,2293.654239485571,0.00309758625696635,486.3232799448257
5906000,65,420,1504.1314895376704,0.00309758625696635,470.1939528693159
5905368,79,220,1387.900468185217,0.00309758625696635,462.45794048839474
5905368,74,260,1592.4611794551813,0.00309758625696635,123.39155693324797
6901764,172,380,1082.8769832268035,0.00309758625696635,109.209377825793
6901764,173,380,755.2097487862275,0.00309758625696635,183.90557238663465
6901764,128,260,1205.43411337412,0.00309758625696635,332.3448121760895
6901764,171,220,515.6473240775111,0.00309758625696635,368.6834565606705
6903569,31,220,1167.0644187566327,0.00309758625696635,165.88582757537597
6903569,161,220,892.7752696235955,0.00309758625696635,104.48329521241712
5906440,76,300,1773.8466738556301,0.00309758625696635,120.2077823740362
5906440,116,420,1169.0800323536503,0.00309758625696635,98.69482583657833
5906212,10,260,1452.1262966793824,0.00309758625696635,353.9737692692674
5906212,3,260,3753.112831550936,0.00309758625696635,144.17777510539406
5906212,1,220,3923.7249039247836,0.00309758625696635,2074.1240881459717
5906212,2,340,1361.7588129174533,0.00309758625696635,53.13822045995295
5906212,15,340,60.868393457052306,0.00309758625696635,51.897321563649164
5906212,24,380,467.8688485660607,0.00309758625696635,15.36694210675007
5906526,8,380,393.91996885063435,0.00309758625696635,39.43604535342848
5906526,70,980,0,0.00309758625696635,8.407659117558618
5906526,69,980,0,0.00309758625696635,0.048945683092663964
5904396,39,500,237.06724164224792,0.00309758625696635,38173.97767174342
5904396,7,300,485.36031311485004,0.00309758625696635,54.154654049229265
5904396,12,540,387.89892711296324,0.00309758625696635,107.74565445021257
5904396,89,380,33.71182728914139,0.00309758625696635,32.41439076566791
5904396,10,260,427.01881984353173,0.00309758625696635,47.06912555050691
5904396,52,540,295.80941158755166,0.00309758625696635,19.12175096096219
5904396,4,420,0,0.00309758625696635,6.02226649739647
5904396,5,420,0,0.00309758625696635,24.802625026412084
5904396,22,380,405.4928087971204,0.00309758625696635,75.5486144327017
5906508,14,300,1547.3260886459125,0.00309758625696635,121.83363973903161
4903488,45,380,1270.3024274940105,0.00309758625696635,275.4029706848164
5905099,78,260,568.6759875955997,0.00309758625696635,60.21874871466899
5905099,98,380,380.7729806142191,0.00309758625696635,77.77374190388225
5905099,28,300,699.1545590413697,0.00309758625696635,56.02173475816554
5905099,86,220,397.64789016207084,0.00309758625696635,13.663584140073032
5905099,21,300,2286.0508090831518,0.00309758625696635,26.59081736050996
5905099,89,300,2468.542098794464,0.00309758625696635,80.83131607107487
5905099,93,300,1269.4442422935383,0.00309758625696635,151.936782165268
6902735,250,340,826.4047971480791,0.00309758625696635,64.4530646299019
6902735,270,460,5108.980343071287,0.00309758625696635,393.5791116573014
6902735,249,380,1797.8012811418723,0.00309758625696635,173.39784171127067
6902735,271,340,5649.874740066199,0.00309758625696635,465.6502423838071
6902735,312,380,1082.2279748728117,0.00309758625696635,176.91823083501484
6990505,61,300,6844.934613405361,0.00309758625696635,134.1328650104884
6990505,62,940,2170.169439811026,0.00309758625696635,526.1025624651387
6990505,37,300,2590.9065748053563,0.00309758625696635,79.12736109054934
5903593,245,500,452.17826621431277,0.00309758625696635,23.151587953861902
5903593,250,460,1619.3470792025325,0.00309758625696635,54.73983774681302
5903593,184,420,1052.2146530116277,0.00309758625696635,19.130121148443564
5906036,9,500,804.676426510497,0.00309758625696635,125.30204455024591
5905130,19,660,620.0278025845483,0.00309758625696635,76.52006365193171
5905501,32,820,179.1813102643497,0.00309758625696635,64.14910321907776
5905501,67,380,2235.7447076845633,0.00309758625696635,118.41103284346099
5905501,26,220,1032.7241488127415,0.00309758625696635,211.84024026610632
5905501,74,420,2086.673981828274,0.00309758625696635,93.14887838648893
5905501,63,380,2378.5044831944606,0.00309758625696635,196.1127774361146
6901528,68,220,1359.1592548344893,0.00309758625696635,171.52651983954394
7900585,13,260,688.6172299407822,0.00309758625696635,178.46417179195953
7900585,74,460,194.90660126545535,0.00309758625696635,78.75813487563417
7900585,157,500,260.00740715253943,0.00309758625696635,144.98791916558855
7900585,4,300,1077.0055350712714,0.00309758625696635,885.9274714651954
7900585,65,380,324.15044385559054,0.00309758625696635,56.11348123142141
7900585,140,220,548.1953299207487,0.00309758625696635,173.82291566021624
7900585,175,220,2966.32011889289,0.00309758625696635,1055.6101910160812
7900585,152,460,1872.7588997820549,0.00309758625696635,123.10817037910499
7900585,104,260,6136.020565859699,0.00309758625696635,232.1398001944877
7900585,133,340,2572.2799045400684,0.00309758625696635,8046.00833627117
7900585,197,420,892.8976832386373,0.00309758625696635,222.15765284807017
7900585,179,300,3108.0785912633237,0.00309758625696635,212.82301953419784
7900585,105,340,3899.482429284137,0.00309758625696635,116.15825865310399
7900585,112,260,1114.0702272043532,0.00309758625696635,146.13261520769612
7900585,128,300,2579.895783362619,0.00309758625696635,222.24662778709578
7900585,123,300,1818.3035036114434,0.00309758625696635,186.81072737161742
7900585,147,260,1640.5637705361826,0.00309758625696635,75.30629614009449
7900585,110,300,3472.9621901539335,0.00309758625696635,370.2605428143541
7900585,228,260,296.8431739672115,0.00309758625696635,98.94337724802799
7900585,111,260,6810.159232311841,0.00309758625696635,528.5107666502377
7900585,106,260,1522.8449423412076,0.00309758625696635,48.90172367457292
7900585,193,300,3796.776604276783,0.00309758625696635,1172.6149966475311
7900585,126,340,840.9166684295783,0.00309758625696635,458.8108983748921
7900585,219,340,1548.4164658948532,0.00309758625696635,174.76678441028488
7900585,220,380,3296.909552303026,0.00309758625696635,239.83631857868102
7900585,73,500,2700.8038301893225,0.00309758625696635,106.79742436947505
7900585,226,460,2259.8810234957045,0.00309758625696635,79.2393552863667
7900585,207,220,1838.2189814147916,0.00309758625696635,210.44417445093634
7900585,76,420,266.77471955666795,0.00309758625696635,88.26026694893967
7900585,210,540,576.6070624607196,0.00309758625696635,253.31137908146053
7900585,192,300,1340.8620011547514,0.00309758625696635,411.90863785495833
7900585,94,220,6450.985958987463,0.00309758625696635,354.78695406143794
7900585,109,300,1650.1927615759078,0.00309758625696635,127.06383381767556
7900585,181,260,2823.0033837212304,0.00309758625696635,314.02005030018574
7900585,205,260,2883.7252290917463,0.00309758625696635,504.847545222389
7900585,82,220,1248.5585982387495,0.00309758625696635,81.29799176292885
5906501,21,460,3146.761207778619,0.00309758625696635,352.6061734576497
5906501,15,340,3203.3392823529935,0.00309758625696635,711.0661547328136
6901523,97,620,1382.3288984662584,0.00309758625696635,167.64425076098743
6901523,73,220,1113.3864891417145,0.00309758625696635,376.36486586396325
6901523,131,460,1715.2660241037383,0.00309758625696635,176.61334203503844
6901523,116,580,1587.150128980135,0.00309758625696635,179.46433164168425
6901523,117,380,1643.9015052279763,0.00309758625696635,115.18444409506988
6901523,26,220,1320.3537817512843,0.00309758625696635,619.3618154494362
5906553,40,380,3484.7896796168784,0.00309758625696635,506.2141608589196
5906553,33,340,327.06565299283386,0.00309758625696635,20.816839357208963
5906553,51,620,0,0.00309758625696635,55.04591080675684
5906553,35,420,6916.389428903112,0.00309758625696635,931.3675976943794
5906553,59,300,3751.272641132948,0.00309758625696635,230.7560266218215
7900589,108,340,995.2632360012349,0.00309758625696635,485.4230849112308
5905638,174,980,0,0.00309758625696635,46.101149146646506
5905134,121,740,0,0.00309758625696635,62.33116076130806
5905134,132,860,3539.1185922381096,0.00309758625696635,97.7814232414707
5906208,45,540,390.94858044203863,0.00309758625696635,71.91104149337009
5906208,40,860,645.567886277682,0.00309758625696635,36.8698170983048
1902602,61,500,86.37267500144594,0.00309758625696635,65.12592767294196
5904982,19,420,562.5761372904365,0.00309758625696635,126.33724790518596
5904982,24,300,0,0.00309758625696635,25.114910849735647
4903485,51,660,2579.095896912976,0.00309758625696635,67.26070535054646
6904118,89,620,3029.290716363031,0.00309758625696635,81.70133936420906
6904118,10,420,1281.5956284353697,0.00309758625696635,171.67796481807818
6904118,87,340,1887.7756848778997,0.00309758625696635,78.28856177867519
6904118,77,220,3121.2596785311484,0.00309758625696635,166.71867788036172
6904118,98,620,1810.5784477417012,0.00309758625696635,84.41052492479506
6904118,99,420,823.2753687780167,0.00309758625696635,99.08642551397793
6904118,128,980,377.7176715714244,0.00309758625696635,20.975066741099003
6904118,59,500,800.6586600901092,0.00309758625696635,58.22452324738109
6904118,62,260,2624.707496944902,0.00309758625696635,180.34268232702823
6904118,51,980,1182.9546393527844,0.00309758625696635,18.70610709634278
6904118,124,660,798.3006995253967,0.00309758625696635,83.83687602847502
5906507,197,300,925.6181058650398,0.00309758625696635,99.79267056456395
5906507,153,380,0,0.00309758625696635,8.277816917940529
5906312,24,540,423.5324367879791,0.00309758625696635,11.27998562484273
5906312,39,380,3822.17638358816,0.00309758625696635,484.99250096787546
5906312,32,700,553.392438819699,0.00309758625696635,82.39852284265753
5906312,26,540,597.7139528433136,0.00309758625696635,5.717468989014858
5906312,44,420,1407.7830814706408,0.00309758625696635,198.72860791190095
5906312,35,260,2775.69742432608,0.00309758625696635,103.54530964113349
5906312,48,660,1250.0006506511743,0.00309758625696635,30.162161459447095
6903273,202,220,772.2304100624206,0.00309758625696635,188.6109915717114
6903273,88,220,1607.1944017577596,0.00309758625696635,368.92244613130293
6903273,85,220,897.1030462949798,0.00309758625696635,325.6975245957256
6903273,90,260,592.7339897535143,0.00309758625696635,231.3353838740845
6903273,121,220,1863.6278841643395,0.00309758625696635,459.8152619280692
6903273,84,220,1139.9588864333862,0.00309758625696635,262.753955825292
6903273,86,300,1218.285540095635,0.00309758625696635,263.6245255137997
6903273,89,220,1217.7563068136947,0.00309758625696635,460.4452153309866
6903273,92,260,1453.2997239923748,0.00309758625696635,383.5602012176365
6903273,219,380,261.88159923449234,0.00309758625696635,351.04621973150284
5904105,23,300,1117.7999612385493,0.00309758625696635,57.89097585913247
5904105,31,340,1536.8452266350234,0.00309758625696635,121.8537698401943
5904105,20,340,868.5569648148918,0.00309758625696635,64.46744861538308
5904105,99,220,1021.0155914186495,0.00309758625696635,42.56323086821012
5905373,131,260,630.5782278800907,0.00309758625696635,108.67854628634181
5905373,135,380,1412.503266342342,0.00309758625696635,40.40057131699074
5905373,130,300,1317.6834568483744,0.00309758625696635,96.60720451282151
5905373,64,260,861.088229477951,0.00309758625696635,73.86310993237325
5905373,139,300,1069.3628052632034,0.00309758625696635,71.93254281703057
5905376,29,460,3192.427362353858,0.00309758625696635,311.57776628705244
5905376,74,500,859.8300655106082,0.00309758625696635,38.67498262209682
5905376,18,420,373.3970511864994,0.00309758625696635,60.844463506853266
1902457,14,220,1023.2602212688736,0.00309758625696635,194.45322261677435
6901004,110,620,4088.1660571370435,0.00309758625696635,163.65173007033013
6901004,331,300,3565.142659052331,0.00309758625696635,1115.8587549376316
6901004,168,220,1644.5543324979858,0.00309758625696635,161.92850581287476
6901004,128,540,751.7745358406979,0.00309758625696635,469.9832863414555
6901004,245,420,319.459723970707,0.00309758625696635,104.52985600011924
6901004,200,260,1570.5902241538813,0.00309758625696635,122.49567232823881
6901004,224,380,1503.624503967472,0.00309758625696635,158.00256522645128
6901004,133,540,1219.72747383146,0.00309758625696635,213.77663005530178
6901004,184,500,1282.9590816999807,0.00309758625696635,147.1514593710611
6901004,333,420,2772.3506316992302,0.00309758625696635,335.8818679739459
6901004,190,420,2178.6761648829424,0.00309758625696635,256.55651848330336
6901004,260,260,395.5577086607525,0.00309758625696635,203.67772024781286
6901004,111,620,2214.0030885722863,0.00309758625696635,104.1052109817921
6901521,27,260,0,0.00309758625696635,171.06530320805518
5906500,20,340,1734.6064833462133,0.00309758625696635,123.2132503397017
5904660,27,420,715.8061277102224,0.00309758625696635,134.46828620067765
5904660,28,420,1270.2870175176272,0.00309758625696635,195.8492050062827
5904660,60,540,847.6870173262608,0.00309758625696635,83.91462088030741
5904660,74,740,571.0710975706836,0.00309758625696635,55.07937850899956
5906314,53,260,1116.285032535236,0.00309758625696635,62.42241161193552
5906314,65,380,2832.3032991366367,0.00309758625696635,36.51187631754273
5906314,32,300,2082.8519542984964,0.00309758625696635,26.680484311447184
5906314,62,340,1202.3911395460646,0.00309758625696635,31.89939497010766
5906314,31,260,343.76841520590597,0.00309758625696635,51.0371837142745
5906314,5,260,738.7933891513345,0.00309758625696635,812.9987041254375
5906314,25,260,2479.908597955418,0.00309758625696635,23.510711210402434
5906524,10,500,1380.1537882308046,0.00309758625696635,62.19039412016579
6901486,235,380,589.2466593176575,0.00309758625696635,264.29411754124595
6901486,7,300,264.26020805831007,0.00309758625696635,3.4704206076298894
6901486,247,580,105.2471140942832,0.00309758625696635,67.69574280289774
6901486,307,380,273.4878179265075,0.00309758625696635,122.79188570280462
6901486,115,420,843.2148073011267,0.00309758625696635,261.8741414448373
6901486,327,300,772.0589275576376,0.00309758625696635,588.9109819845672
6901486,255,580,206.26726704653723,0.00309758625696635,89.38711088255816
6901486,128,220,452.05298729727707,0.00309758625696635,218.81742164633943
6901768,206,380,1015.1748589117964,0.00309758625696635,357.366592207784
6901583,198,340,1419.0040190494337,0.00309758625696635,60.973979596412946
6901583,190,220,1213.6139465053163,0.00309758625696635,91.94308517974368
6901583,123,340,3419.647364433659,0.00309758625696635,108.4895803150749
6901583,103,220,1973.6802871554632,0.00309758625696635,442.8902403351323
6901583,160,580,592.8977546362753,0.00309758625696635,121.73681131670222
6901583,159,540,857.8325434792058,0.00309758625696635,65.15687889208296
6902733,60,460,1171.4835492246332,0.00309758625696635,96.01999316577059
6901582,142,220,4340.480039067149,0.00309758625696635,711.7069721328552
6901582,184,340,822.6650719816922,0.00309758625696635,125.8021379009305
5904677,8,380,0,0.00309758625696635,25.653310585351967
5904677,27,300,2060.12427020485,0.00309758625696635,360.7595193089395
5904677,23,260,1993.6280680841505,0.00309758625696635,9.254501493353743
5904677,25,380,673.8720047372444,0.00309758625696635,22.157008124290673
5904471,103,340,453.9010136345555,0.00309758625696635,38.926053894809215
5904763,24,540,2130.0974757364984,0.00309758625696635,176.57256986561603
5904763,11,420,0,0.00309758625696635,0.023028291027723215
5904856,43,820,308.9488748743332,0.00309758625696635,65.97345580835866
5904856,32,300,539.9768250126772,0.00309758625696635,135.58775343830212
5904856,46,900,691.5270208022688,0.00309758625696635,31.58890333300741
5905374,22,740,107.2820009062938,0.00309758625696635,16.327536377484726
5906511,61,380,1265.5979050172984,0.00309758625696635,0.7062957016041205
5906511,35,460,0,0.00309758625696635,908.1032582472147
5906511,19,340,1463.9453897221986,0.00309758625696635,35.466960718169666
5906511,18,420,1778.6557627524408,0.00309758625696635,214.8640609989279
5906511,73,420,3163.0421063909457,0.00309758625696635,0.4578870616246964
5906443,10,300,1655.615666050757,0.00309758625696635,199.28200736223272
5906443,12,460,969.2840064461413,0.00309758625696635,37.82428875543464
5904765,17,260,1244.444613046006,0.00309758625696635,58.36302464183081
5904765,91,220,67.48046556065974,0.00309758625696635,1037.448154562695
2903867,6,220,964.9777139562257,0.00309758625696635,57.9104259552647
5906030,145,500,694.4827390055483,0.00309758625696635,148.3989210353014
5906030,144,420,656.8005579546664,0.00309758625696635,141.14574402685426
5906030,143,340,111.92113878609268,0.00309758625696635,47.289194862675096
5906030,148,380,1195.6366582159435,0.00309758625696635,71.0555273509223
5906030,131,340,103.7656464215733,0.00309758625696635,102.91964849728342
6901519,116,780,2128.915721837639,0.00309758625696635,58.590833333507675
6901519,30,620,885.08437244579045,0.00309758625696635,570.224760859391
6901519,134,620,3265.5868806810176,0.00309758625696635,155.51341505795997
6901519,124,420,2440.710116311975,0.00309758625696635,175.27856122467054
6901519,109,500,698.031318631509,0.00309758625696635,86.53476525487405
6901519,164,340,919.0052755371505,0.00309758625696635,132.84637273351984
6901519,128,500,977.4388761082744,0.00309758625696635,175.15174723739955
6901519,114,700,1022.9735011240188,0.00309758625696635,36.58462150229041
6901519,117,820,886.6170258098064,0.00309758625696635,66.34539724781825
6901519,108,460,568.5213112788824,0.00309758625696635,27.975108168055286
6901585,65,420,191.64272520817659,0.00309758625696635,108.42013125892535
5906542,2,220,3132.3461182786996,0.00309758625696635,628.4295279873044
5906542,12,540,0,0.00309758625696635,60.54291884765479
5906542,16,380,943.6675013304099,0.00309758625696635,80.83966229448102
5906542,57,380,559.0256835201319,0.00309758625696635,15.852414313871046
5906542,11,340,2627.6029894029243,0.00309758625696635,412.2591276759208
5906542,17,340,1829.3462935497294,0.00309758625696635,157.14517247216503
5906542,41,260,2252.1740937425543,0.00309758625696635,290.54000571107014
5906542,15,260,992.1112517655866,0.00309758625696635,321.12970037914533
5906542,1,460,0,0.00309758625696635,29.218039470492872
5904845,79,340,1162.047560142514,0.00309758625696635,175.87540195564193
5904845,29,460,0,0.00309758625696635,54.6124034980342
5904845,1,420,1446.1749027284545,0.00309758625696635,42.787511657070624
5904684,136,260,778.3416521042606,0.00309758625696635,95.74890029954126
6904113,14,220,876.1806165396931,0.00309758625696635,188.90936924281496
6904113,36,380,778.7722663550622,0.00309758625696635,139.6428496486298
2903455,18,260,59.82643837813794,0.00309758625696635,158.83773937611082
2903455,38,420,723.8657298615767,0.00309758625696635,23.466124768061082
5904474,131,460,2575.402602302934,0.00309758625696635,195.54962992539615
5904474,133,300,1844.112506133197,0.00309758625696635,152.922502129654
5903612,69,260,698.8026671533805,0.00309758625696635,10690.544266071325
6901688,77,260,2240.697163841042,0.00309758625696635,365.6530004595383
6901515,69,420,450.4560389063773,0.00309758625696635,198.70148286128352
6901515,10,540,1953.4853614470169,0.00309758625696635,1199.3794050399094
5904679,14,420,0,0.00309758625696635,64.28814972480677
5904679,8,300,877.0104796796024,0.00309758625696635,93.0851062264641
5904682,144,220,2391.287753503877,0.00309758625696635,88.0864563120183
5904682,126,220,1644.5723970790318,0.00309758625696635,54.702541490475916
5904682,131,300,793.7590824388928,0.00309758625696635,80.2161306930468
5904682,2,460,609.0428640255329,0.00309758625696635,253.01939983714004
5904682,125,220,1754.8869132518832,0.00309758625696635,46.85933590650652
5904682,4,340,899.4135225823893,0.00309758625696635,177.11127009006242
5904682,129,380,3423.705984506918,0.00309758625696635,409.7978163720465
6902904,138,340,909.8309232718631,0.00309758625696635,432.5779376619532
6902904,122,220,3744.8207815093792,0.00309758625696635,414.69617607849506
6902904,37,220,1374.7572567884572,0.00309758625696635,427.31348659821293
6902904,41,220,1769.0930040095825,0.00309758625696635,446.5960458957223
6902904,28,220,1217.1935406711607,0.00309758625696635,280.750559731039
6902904,124,300,1726.5583418424621,0.00309758625696635,155.23679628234703
6902904,31,220,4.637816733198224,0.00309758625696635,177.0103791168709
6902904,121,260,792.5161124279871,0.00309758625696635,310.8027228127194
5906305,143,500,909.6651344720938,0.00309758625696635,58.419350901990875
5904686,27,340,3355.837769148883,0.00309758625696635,270.10800143480367
5904686,28,380,2582.5861987422513,0.00309758625696635,116.54522125581991
5904686,22,300,1180.8456040718222,0.00309758625696635,52.84854216853029
5904686,24,220,3645.204850104386,0.00309758625696635,677.4881250669794
5904686,20,300,1985.628633175946,0.00309758625696635,113.02874663504439
5904686,26,260,3331.8843678093094,0.00309758625696635,246.5028171250832
5904661,32,260,2202.8335442310977,0.00309758625696635,458.3152295255422
5904661,135,380,1262.4545754403089,0.00309758625696635,42.087304577606005
5904661,56,460,2433.9282005624323,0.00309758625696635,692.3756281582274
5904661,55,460,1933.729205678087,0.00309758625696635,331.3009322871263
6902668,4,380,3669.601604796578,0.00309758625696635,330.53738536322373
6902668,97,380,1967.2154526799957,0.00309758625696635,258.6730896056427
6902668,90,300,1791.5711356172394,0.00309758625696635,288.53918331113374
5906315,23,500,1447.2881703732444,0.00309758625696635,35.01595594277655
5906315,22,500,1310.1654326587686,0.00309758625696635,17.221640852381366
5906315,24,540,2918.676039594294,0.00309758625696635,251.0294821756696
4903532,17,220,2254.5310551785087,0.00309758625696635,315.7226905695576
4903532,42,420,558.3500108441013,0.00309758625696635,240.4324584150727
2903864,19,300,1058.8006497212807,0.00309758625696635,43.402086427023754
6902953,13,260,4278.6605432606675,0.00309758625696635,2434.3857462587525
6902953,27,340,3198.9748162738397,0.00309758625696635,255.00416090444003
6902953,24,260,1501.4978163623896,0.00309758625696635,225.2775658807655
6902828,206,300,102.28989684742848,0.00309758625696635,48.40534331107153
5904683,8,380,334.1043028640361,0.00309758625696635,165.81494778505055
5904683,133,260,863.0836422598531,0.00309758625696635,33.157604435235676
5904683,18,460,879.9668809259116,0.00309758625696635,11.159071094182025
5904683,49,260,4232.577842713146,0.00309758625696635,113.63488952614053
5904683,51,220,1611.9588950725265,0.00309758625696635,2.845912660590289
5904683,143,420,396.1112372955922,0.00309758625696635,23.013554589861766
5904683,166,740,192.21296488292177,0.00309758625696635,34.15189948832903
5904683,38,460,1863.2038427624175,0.00309758625696635,31.4029770957213
5904683,127,420,587.8332767142242,0.00309758625696635,21.211154243943664
5904683,142,300,1092.5440797101248,0.00309758625696635,62.22100049017643
5904104,152,340,638.0588742094124,0.00309758625696635,49.33651460905418
1902304,120,380,2177.2959461382197,0.00309758625696635,73.9408190517617
1902304,112,540,672.8646036123087,0.00309758625696635,88.4757741178076
1902304,150,220,967.9372110678565,0.00309758625696635,58.250008599594466
1902304,172,580,2863.080681287132,0.00309758625696635,205.38001321799416
5905072,31,260,520.8367423716791,0.00309758625696635,90.95973503766281
5905072,84,380,1138.8905616637505,0.00309758625696635,625.6895777647345
5905072,72,500,2160.024760492559,0.00309758625696635,86.45283335080524
5905072,99,260,283.9467709446514,0.00309758625696635,48.521190424259416
5905072,107,420,436.92937344530014,0.00309758625696635,40.35879063942419
5905072,43,260,847.1596485713507,0.00309758625696635,94.05811430674132
5905072,34,220,622.0540999433787,0.00309758625696635,118.77203956547564
5905072,29,260,545.4586425834489,0.00309758625696635,11.605727998614674
5905072,69,260,2497.3183417637924,0.00309758625696635,100.94689175215495
5905072,123,420,2995.7149920052225,0.00309758625696635,192.86704157499062
5905072,41,380,1641.7055894545927,0.00309758625696635,207.86014593434933
5905103,138,300,9211.639238353595,0.00309758625696635,1256.0736501973263
5905103,142,260,1669.738460145951,0.00309758625696635,52.06879088241792
5905103,156,380,1504.1610234378447,0.00309758625696635,73.09586247633256
5905103,140,380,2883.4776668776153,0.00309758625696635,112.77612757711472
5905103,62,340,412.8160604792515,0.00309758625696635,57.50076845899249
5905103,155,340,2294.694136317255,0.00309758625696635,53.290561056004336
5905103,76,380,969.7922317470188,0.00309758625696635,19.710857518639106
5905103,152,300,964.3181906392562,0.00309758625696635,45.59854355633703
5905103,157,260,2651.3289548702182,0.00309758625696635,105.12540736013233
5905103,73,380,534.5257775545573,0.00309758625696635,75.89169676211341
5905103,151,420,0,0.00309758625696635,2.9678157359786215
5905103,137,260,1723.0855389445426,0.00309758625696635,79.74959141236677
5905103,86,300,789.2379558971422,0.00309758625696635,120.51370399018035
5905103,72,220,1034.731040636663,0.00309758625696635,133.32862932168103
5904476,36,580,1294.8324842039606,0.00309758625696635,72.71166023814465
1902453,41,420,2804.15321815522,0.00309758625696635,15.580440470345955
1902453,9,300,2030.8727030432751,0.00309758625696635,149.6503994799659
1902453,29,580,323.05334494188963,0.00309758625696635,64.05371889634196
1902453,14,460,820.4269880545995,0.00309758625696635,62.523204751226224
1902453,3,380,1602.1847149343532,0.00309758625696635,90.28388319906234
5905378,9,420,285.75292692429093,0.00309758625696635,31.68274075681792
5905378,8,340,1039.7401850068836,0.00309758625696635,177.4060570794573
6901770,65,300,674.8654700157938,0.00309758625696635,73.2897592514907
5906035,145,300,2434.583531463055,0.00309758625696635,74.91708969305817
5906035,78,740,1456.280240992625,0.00309758625696635,126.07332059360385
5906035,127,500,2246.7693638757974,0.00309758625696635,69.69043098621161
5906035,49,860,900.2167771446286,0.00309758625696635,59.97250474833559
5906035,83,700,3046.1565902525313,0.00309758625696635,117.06518951736417
5906035,51,380,1235.7301818648948,0.00309758625696635,169.71066680558403
5906035,142,300,2251.190009077983,0.00309758625696635,83.87466408489044
5906035,81,740,681.0701929607034,0.00309758625696635,100.79660977486503
5906035,119,340,72.67295153635052,0.00309758625696635,44.75316305979249
5906035,54,660,6313.368319571691,0.00309758625696635,195.00627781493552
5906035,80,740,1685.4611198186203,0.00309758625696635,163.45668070923134
5906035,143,380,2361.728714508163,0.00309758625696635,184.13396623187415
5906035,71,260,3070.9066620719227,0.00309758625696635,394.9738762655299
5906035,63,260,1290.262446617782,0.00309758625696635,86.89254679420182
5906035,120,420,2667.7372916255513,0.00309758625696635,99.28786648576752
5906035,53,700,2119.3113462668884,0.00309758625696635,126.90221937404341
5906035,128,420,1433.5130861801351,0.00309758625696635,119.80092744181084
5906035,64,700,993.1233673836821,0.00309758625696635,116.4886469727051
5906035,72,300,2314.609619589422,0.00309758625696635,223.5663572875843
6901646,9,780,515.7995212896093,0.00309758625696635,78.18201736690823
6901646,21,420,700.654595623749,0.00309758625696635,108.55019943156259
4901803,34,340,5229.257650754562,0.00309758625696635,467.3625029165784
4901803,35,380,4497.811571173377,0.00309758625696635,327.16914081092926
4901803,96,300,1842.5796702005816,0.00309758625696635,130.76693388023426
4901803,93,300,2789.761094801641,0.00309758625696635,111.55046932668617
4901803,7,380,3742.856005692737,0.00309758625696635,150.2923037259144
5904659,101,220,3319.196441890206,0.00309758625696635,178.11370360672282
5904659,17,460,1214.1617682612991,0.00309758625696635,106.2859391120758
5906573,11,380,1247.6821400385238,0.00309758625696635,92.94441886838948
6901769,123,220,375.8858107610063,0.00309758625696635,234.27870485086507
6901657,56,260,901.1635353935212,0.00309758625696635,179.42121930951802
5904673,51,340,1617.2109190285369,0.00309758625696635,35.0299542967489
5904673,48,260,3719.622123212876,0.00309758625696635,110.61432975714528
5904673,50,260,2180.2238311202514,0.00309758625696635,79.99156341757319
5904673,90,220,963.6476968059415,0.00309758625696635,26.228916905816476
5904673,33,220,3462.1865741841525,0.00309758625696635,206.73313162080063
5904673,34,300,2831.868746743719,0.00309758625696635,240.656149733568
5904673,57,220,1791.8386938180768,0.00309758625696635,481.6729239207021
5904673,89,300,3797.502669848945,0.00309758625696635,82.75599781512189
5904673,26,380,2108.7385128789424,0.00309758625696635,214.5915401007124
5904673,12,380,2575.4343631451934,0.00309758625696635,41.963296276976756
5904673,53,220,4697.578875749383,0.00309758625696635,234.87465103078395
5904673,80,300,513.1974394223324,0.00309758625696635,64.08818291202942
5904673,19,300,1407.2811577168738,0.00309758625696635,92.07811979467164
5904673,83,420,551.1978397068735,0.00309758625696635,50.97547917305705
5904673,11,380,4783.3134515413585,0.00309758625696635,98.7509726154323
5904673,105,260,2205.0485508438123,0.00309758625696635,248.97963683587088
5904673,21,220,2589.601540351853,0.00309758625696635,254.880200473307
5904673,9,380,1900.8786764096717,0.00309758625696635,46.03957363640671
5904673,55,260,2676.5937429107767,0.00309758625696635,115.78665085555268
1902455,30,380,2835.9589226297144,0.00309758625696635,201.32781140366123
1902455,45,260,4554.790163455751,0.00309758625696635,111.3834266805761
1902455,43,380,6696.237982828191,0.00309758625696635,71.71599371068598
1902455,36,420,1101.9115203894376,0.00309758625696635,105.38058976327437
1902455,44,340,1570.6636130922993,0.00309758625696635,157.3741308766096
1902455,7,380,2707.5961749473463,0.00309758625696635,105.73445930046398
1902455,20,340,2668.8585257997693,0.00309758625696635,174.5261561441863
5905555,33,380,192.21047677816185,0.00309758625696635,139.28857374421204
5905071,38,380,4482.819743400907,0.00309758625696635,178.69605051744074
5905071,39,340,1413.1725365712227,0.00309758625696635,124.8238971883581
5905071,23,820,496.41271040807413,0.00309758625696635,57.62188218038016
5906444,13,540,1889.1882410172414,0.00309758625696635,39.83260902589592
5906444,52,500,780.0518070846523,0.00309758625696635,98.53131860659911
5906244,18,260,530.7393918243533,0.00309758625696635,326.2839666891663
5906207,166,500,556.191398973769,0.00309758625696635,12.844160056094948
5906207,100,340,2722.5727670488304,0.00309758625696635,254.88930056285278
5906207,77,420,926.0532572147845,0.00309758625696635,45.551972057295465
5906207,76,260,535.0590870991754,0.00309758625696635,114.80577499285177
5906207,131,420,2674.7053293632016,0.00309758625696635,43.229293598565214
5906207,80,260,1313.9112999611766,0.00309758625696635,148.17154199306103
7901098,36,300,2706.5632433083183,0.00309758625696635,78.01747907981903
5906213,93,300,2476.491738118014,0.00309758625696635,200.42114340537344
5906213,120,380,1627.3780571627299,0.00309758625696635,78.42630687749208
6901485,178,260,1028.2499621433635,0.00309758625696635,239.14661100510233
6901485,46,340,1041.1283833046784,0.00309758625696635,88.75550718180986
6901485,3,700,1043.887833210563,0.00309758625696635,97.20488636949685
6901485,26,580,439.52089709191637,0.00309758625696635,166.42171906699573
5904846,101,380,572.7103399697173,0.00309758625696635,231.65759512089247
5904179,126,220,4249.2831143751755,0.00309758625696635,644.2278100605453
5904179,74,420,45.940597412856455,0.00309758625696635,44.45698577442697
5904179,158,220,7129.536313556661,0.00309758625696635,50.74570180254232
5904179,123,220,2402.815482065348,0.00309758625696635,267.71018433117064
5904179,132,220,1900.8403305247753,0.00309758625696635,12552.288827160823
5904179,130,220,276.3507645149031,0.00309758625696635,104.28805760656658
5904179,114,340,987.5950031941918,0.00309758625696635,66.44119967157853
5904179,54,260,1665.7269167440263,0.00309758625696635,94.32346206247274
5906438,32,220,1911.6555632747702,0.00309758625696635,175.93583880289134
5906438,47,380,2160.583161657694,0.00309758625696635,126.0666993127566
5906438,86,220,2161.099480450892,0.00309758625696635,180.2270063591759
5906438,36,220,2195.236454430429,0.00309758625696635,67.10038249713152
5906438,84,220,383.2933501454804,0.00309758625696635,112.29755788393695
5906438,51,420,736.9404970243789,0.00309758625696635,116.65895877315423
5906438,39,620,3717.686777980951,0.00309758625696635,267.33382054199086
5906438,90,380,1003.3380083993804,0.00309758625696635,134.5896105340114
5906438,49,260,4202.708256175371,0.00309758625696635,342.8265360212482
5906438,82,300,690.3600338620569,0.00309758625696635,78.59275255584878
5906438,52,660,205.60257233479936,0.00309758625696635,156.65360858500586
5906438,44,420,1421.484748878391,0.00309758625696635,170.55868250296987
5903586,118,300,858.9947964695729,0.00309758625696635,122.19112633038698
5903586,54,220,1253.0657392786263,0.00309758625696635,235.6500493784824
5903586,170,340,1633.4164529859572,0.00309758625696635,156.6562155478069
5903586,55,220,505.1579482515609,0.00309758625696635,119.12821407537787
5904984,51,300,1082.0603194720436,0.00309758625696635,89.55014482430519
5904984,32,340,673.7978213774808,0.00309758625696635,167.17504413051154
5904984,19,380,444.9310049970942,0.00309758625696635,62.977144870178556
5904984,62,300,1490.0040268062219,0.00309758625696635,57.98974749803574
5904984,46,300,2673.814320271012,0.00309758625696635,125.35971187585872
5904984,80,340,677.3660781432006,0.00309758625696635,109.02323487658794
5904984,24,900,937.990284003223,0.00309758625696635,61.81635065341673
5904984,35,300,2000.6391361552949,0.00309758625696635,117.85503057200934
5905556,69,340,6018.23014566548,0.00309758625696635,496.9141110726069
3902554,37,300,1775.0454499668558,0.00309758625696635,211.4576949078755
5906544,1,260,528.5395016873728,0.00309758625696635,53.55830621396947
5905079,61,380,1995.7544262048305,0.00309758625696635,25.062556875427067
5905079,23,500,2877.0807957678308,0.00309758625696635,214.49906522465076
5905079,33,700,752.0688794515771,0.00309758625696635,143.6581608431103
5905079,59,420,153.81210857339153,0.00309758625696635,89.11949968986268
5905079,62,540,1218.6760005537067,0.00309758625696635,66.12248253820557
5905079,87,420,902.1454962666776,0.00309758625696635,48.91848694543441
5905079,31,420,767.4682266111547,0.00309758625696635,161.8579433688353
5905079,92,380,0,0.00309758625696635,11.735847628333953
1902454,10,260,656.8968372468196,0.00309758625696635,116.84959679961302
1902454,40,220,3281.42496094901,0.00309758625696635,13.730621662342292
1902454,32,300,2983.354644823205,0.00309758625696635,306.6856421649287
1902454,3,220,2773.311673064535,0.00309758625696635,224.74137210982812
1902454,39,260,2812.693947650743,0.00309758625696635,67.00313737221448
1902454,25,300,5544.883192075823,0.00309758625696635,137.27461325110835
1902454,44,380,3617.833663082164,0.00309758625696635,259.91034048479145
1902454,34,260,6183.353661555133,0.00309758625696635,146.2704208020831
5906970,32,500,1235.928544093323,0.00309758625696635,59.80319647320966
6903825,32,740,164.56942662224824,0.00309758625696635,2170.9338916528995
5906238,48,540,0,0.00309758625696635,35.53939991683088
5906238,120,700,658.325087082057,0.00309758625696635,26.80071181591012
5906238,53,300,1504.585485132319,0.00309758625696635,84.42736881889495
5904473,57,420,329.78786844548523,0.00309758625696635,69.07538654571465
5904473,59,340,356.12383630176174,0.00309758625696635,73.96507662850172
5905970,67,300,471.6279723979719,0.00309758625696635,86.67072184833609
2903454,1,340,286.797906118405,0.00309758625696635,70.63294515262731
3902122,280,220,4657.068655969216,0.00309758625696635,881.2933176926682
5906220,31,420,2216.363888351589,0.00309758625696635,266.968902653329
5906220,46,300,2459.9634952284227,0.00309758625696635,135.57170350242023
5906220,62,420,1512.1532532896804,0.00309758625696635,37.96295565338817
5906209,19,500,292.5388607083684,0.00309758625696635,49.10847826222367
5906209,12,340,1084.5151513478163,0.00309758625696635,102.45987651167934
5906209,18,420,1758.4263850019543,0.00309758625696635,162.06715142823379
5906209,64,260,1066.7003572129993,0.00309758625696635,48.83883456721543
5906226,56,820,1335.4374081762908,0.00309758625696635,113.01689062557352
5906226,68,940,219.2915195196601,0.00309758625696635,0
5906226,43,860,1364.8461980759664,0.00309758625696635,152.54692282452143
5906226,47,860,283.902951718595,0.00309758625696635,20.308098659051687
5906226,60,660,1794.7523419667268,0.00309758625696635,104.98934981241501
5906226,75,740,274.1841150910292,0.00309758625696635,76.19615007991868
5906226,52,460,2367.8019485663644,0.00309758625696635,45.413537498432035
5905996,26,220,2953.948299243808,0.00309758625696635,479.8173826948165
5905971,115,700,1037.658784954036,0.00309758625696635,23.137758732333044
5905971,137,300,838.4081365398188,0.00309758625696635,109.58751453759923
2903466,6,380,4150.639929930071,0.00309758625696635,266.29343126733227
2903466,8,220,2381.154157631071,0.00309758625696635,165.11540346708134
5906576,50,540,2727.920186006371,0.00309758625696635,32.430766156659715
5906576,40,540,3633.6173553060407,0.00309758625696635,19.47057505288322
5906540,38,260,5935.070952461554,0.00309758625696635,260.09483654480795
5906540,62,380,5386.0198697019805,0.00309758625696635,154.86612099874353
5906033,63,300,418.6398122635438,0.00309758625696635,2.121285969822866
5905080,26,420,755.774264139735,0.00309758625696635,61.01512856400566
5904479,95,540,736.3783721820065,0.00309758625696635,233.64500058736255
5904479,16,220,1281.703493529682,0.00309758625696635,282.6615975379901
5904479,29,260,3118.010824060406,0.00309758625696635,226.1684679213281
5904479,32,300,2912.8181731175737,0.00309758625696635,1652.3337183468461
5904479,81,500,982.482990503356,0.00309758625696635,143.7299401945107
5904479,22,380,4113.025245033401,0.00309758625696635,568.5774453876681
5904479,17,300,4580.75043937259,0.00309758625696635,631.2372228654401
5904479,19,340,5583.253552741192,0.00309758625696635,626.0300455293401
5904479,40,460,1776.5888166315021,0.00309758625696635,173.14142042302723
5904479,39,380,1377.8578542141893,0.00309758625696635,146.47679347155588
5904479,18,260,1943.2354160869772,0.00309758625696635,223.22330766001713
5904479,87,500,2987.470143355012,0.00309758625696635,710.9868535678893
5904479,89,380,3983.350027092128,0.00309758625696635,158.40856749981833
5904479,51,580,781.2741409014294,0.00309758625696635,134.77878497336152
5906310,10,220,2134.3433113860265,0.00309758625696635,154.84655309034395
5906310,37,260,801.3852462453996,0.00309758625696635,44.86454618096952
5906310,8,220,1754.7501550197674,0.00309758625696635,339.4938958778168
5906539,55,260,1400.0656080817562,0.00309758625696635,30.65929439833199
5906539,13,420,1966.1346784645134,0.00309758625696635,144.47553679503227
5905073,22,220,1496.1209497563873,0.00309758625696635,195.246946079216
5905073,50,500,891.6891158843046,0.00309758625696635,102.42672699293257
5905073,29,540,2223.752827568173,0.00309758625696635,73.2966406598359
5905073,30,220,8232.806554688614,0.00309758625696635,467.8627102036632
5905073,37,220,1615.138474088625,0.00309758625696635,224.44960427177887
5905073,27,380,2720.464195119749,0.00309758625696635,101.86257222456477
5905073,41,420,198.84674071723407,0.00309758625696635,50.62236775455859
5905073,31,420,898.6451617437914,0.00309758625696635,50.307379229322734
5906581,45,420,3136.151337380717,0.00309758625696635,210.73510984236248
5906044,23,340,3253.734559574645,0.00309758625696635,94.13086942366441
5906044,40,300,2998.8133393855155,0.00309758625696635,50.145157077735206
5906044,81,300,3737.3760018083603,0.00309758625696635,6.900243306936041
5906044,199,260,2369.5368076892078,0.00309758625696635,1674.229692654791
5906044,20,340,3684.7412715928403,0.00309758625696635,124.34738533621774
5906044,116,260,4421.281273045246,0.00309758625696635,1.8678567188740611
5906044,19,340,2120.941006355021,0.00309758625696635,168.51155782444778
2903453,44,420,304.1085494955095,0.00309758625696635,9.240778050751064
5904688,157,340,1153.1421717753728,0.00309758625696635,29.10586176527425
5904688,77,340,1676.2506897247863,0.00309758625696635,176.66184869264777
5904688,68,340,588.7583043352154,0.00309758625696635,75.71774192290543
5904688,74,420,341.68099310151206,0.00309758625696635,4.963047225333276
5904688,75,500,1155.6135138518562,0.00309758625696635,22.033596018835382
5904688,12,340,68.76461265760264,0.00309758625696635,17.867899346208063
5906249,56,220,1710.7447097273557,0.00309758625696635,91.23258304063516
5906249,93,220,3046.3387970288945,0.00309758625696635,272.36365625147346
5906249,55,260,1666.6563086799126,0.00309758625696635,104.95535118692001
5906249,58,300,676.3248488719673,0.00309758625696635,47.050994041679665
6902737,90,420,203.85027277008533,0.00309758625696635,152.2519999176178
6902737,196,340,399.2614524968858,0.00309758625696635,1774.4670906915294
6902737,137,220,4465.513145591242,0.00309758625696635,354.9888503024759
6902737,190,460,351.31872490971284,0.00309758625696635,316.94653241605477
6902737,193,500,72.51684298958715,0.00309758625696635,305.0323328330204
6902737,186,300,4100.9175335091295,0.00309758625696635,614.9565183661446
6902737,136,220,571.7477156864622,0.00309758625696635,1786.121256737077
6902737,119,220,2709.299672977931,0.00309758625696635,2621.3371655721858
6902737,187,260,3829.9136745456985,0.00309758625696635,659.9783330081949
2903854,26,220,1508.8864391343757,0.00309758625696635,43.55392703741769
2903467,10,380,2777.2178734208587,0.00309758625696635,47.433395647418514
2903467,4,380,2945.4654411451943,0.00309758625696635,93.87122536722647
2903467,6,380,1474.0692412625594,0.00309758625696635,51.59068157619181
2903467,29,380,4541.6410384583105,0.00309758625696635,68.99221445889557
2903467,3,340,2312.742568716862,0.00309758625696635,94.56798982238892
2903467,5,380,2099.9736866654316,0.00309758625696635,112.02936215916579
2903467,37,300,927.0797297684469,0.00309758625696635,73.13368887221979
5905553,113,220,2557.5535901266544,0.00309758625696635,749.8736362450185
5906248,29,620,418.7253517552024,0.00309758625696635,132.1092940577707
5906248,28,700,929.4295281477066,0.00309758625696635,70.32662408086347
5906248,34,460,1065.8372119458998,0.00309758625696635,126.99158972243738
5906248,22,380,1358.6633426133167,0.00309758625696635,205.1289629334568
5906248,65,300,843.2980555108592,0.00309758625696635,149.53981703804538
6904241,35,220,937.1944009357459,0.00309758625696635,102.7837858353902
6904241,17,340,215.3535328200691,0.00309758625696635,243.71214722617512
6904241,33,260,63.73119184894542,0.00309758625696635,465.3381627631153
5906509,34,260,1605.6213961574272,0.00309758625696635,142.9327111611457
5905076,1,420,1513.9433754429488,0.00309758625696635,99.52026379378306
5905076,62,420,0,0.00309758625696635,17.796855683704138
5905076,6,500,620.9787005714392,0.00309758625696635,76.88069193956512
5905076,132,340,1340.7848728393183,0.00309758625696635,112.82285427188609
5905076,91,420,1829.8037864347693,0.00309758625696635,68.21445233952794
5905076,58,220,4350.042194471557,0.00309758625696635,293.8906648478231
5905076,89,300,1453.3425845315953,0.00309758625696635,46.17029475314438
5905076,19,500,524.5626562906349,0.00309758625696635,22.6078300952575
5905076,45,220,394.6178030500293,0.00309758625696635,96.50632647103313
5905076,35,260,848.9001150164967,0.00309758625696635,159.97995246295358
5905076,31,540,290.13397257556056,0.00309758625696635,26.13687084816999
5905076,64,540,220.2466906001324,0.00309758625696635,15.765094706008718
5905076,141,220,962.9825129614496,0.00309758625696635,138.94297925943638
5905076,144,260,1756.445440754934,0.00309758625696635,132.6818822046044
5905076,81,420,0,0.00309758625696635,38.89232565198151
5905076,48,420,1302.6209175049632,0.00309758625696635,103.2137809201258
5905076,75,540,350.548269166171,0.00309758625696635,71.26069457968178
5905985,32,220,1465.46529722924,0.00309758625696635,403.8062477582333
7900562,198,260,909.5712191378504,0.00309758625696635,110.69966051591663
5906546,48,420,1204.150785112862,0.00309758625696635,58.99921326204756
5906546,1,700,0,0.00309758625696635,78.91937414385325
5906546,44,540,460.4506120987667,0.00309758625696635,28.657945790002497
5906546,51,420,0,0.00309758625696635,0
5906307,51,260,1332.9849128006542,0.00309758625696635,91.9778564736158
5906308,131,420,1187.8961240393824,0.00309758625696635,23.07695925034389
5906489,67,300,1181.1889804805273,0.00309758625696635,2.0213504822707136
5904188,158,660,2303.7313703997293,0.00309758625696635,33.27280842950997
5904188,8,420,1988.277143132355,0.00309758625696635,56.02849396072164
6902550,89,340,236.81962636967813,0.00309758625696635,66.25216151624332
6902550,190,260,1440.651664766727,0.00309758625696635,306.33868839768974
6902550,188,380,1862.4328817665514,0.00309758625696635,371.00342163855885
6902550,108,540,1329.5680169986103,0.00309758625696635,94.63565031006505
6902550,178,580,2177.891527885184,0.00309758625696635,168.2066636947237
6902550,171,420,982.2435306016821,0.00309758625696635,77.59993270512038
6902550,222,540,1284.5829788672334,0.00309758625696635,126.18272199439495
6902550,223,540,408.7429341478254,0.00309758625696635,6.597673735315271
6902550,104,660,262.7444683935155,0.00309758625696635,23.26621545313517
6902550,97,380,151.44671365688285,0.00309758625696635,116.59978298173067
6902550,102,380,536.3493683424989,0.00309758625696635,50.58219190562934
6902550,50,740,832.0042960238052,0.00309758625696635,99.95403205480996
5906235,78,420,533.6807745383553,0.00309758625696635,38.075794389007896
5906235,107,340,953.8303444883461,0.00309758625696635,67.7406740722708
5906235,85,220,936.4322298947236,0.00309758625696635,129.98120452766904
5906476,11,260,4478.50973951084,0.00309758625696635,99.49063119546568
5906003,20,540,0,0.00309758625696635,8.199749421004533
5906003,10,980,254.80374810940447,0.00309758625696635,15.629126708451823
5904693,76,220,16.729792556008693,0.00309758625696635,62.60705907251136
5904693,129,300,254.8096271227789,0.00309758625696635,37.92716996534158
5904693,139,860,659.6493078519853,0.00309758625696635,11.711525149374141
5904693,128,220,1947.8965628646156,0.00309758625696635,148.07111085968498
5904693,143,260,612.109396583818,0.00309758625696635,11.756147069338645
5905372,100,260,4591.48834613822,0.00309758625696635,94.06067895087236
5905372,71,220,3286.064316078763,0.00309758625696635,30.84729101845256
5905372,28,220,1283.9694615462063,0.00309758625696635,263.9539230875915
5905372,32,220,474.4365847972323,0.00309758625696635,32.08284815878316
5905372,47,340,406.87303570625534,0.00309758625696635,37.42748886889364
5905105,35,540,5054.6797595050775,0.00309758625696635,135.82449031784492
5905105,88,500,4805.401934906476,0.00309758625696635,256.5706517922004
5905105,89,500,4068.6681343822656,0.00309758625696635,186.2924852382007
6901771,143,380,660.4549684334906,0.00309758625696635,131.76236273115435
5904854,144,380,1319.1734881942264,0.00309758625696635,40.15330162851137
5904854,32,220,1369.3306463126316,0.00309758625696635,165.18057231212154
5904854,11,420,2028.5807850434614,0.00309758625696635,85.69788857184139
5904854,22,380,891.2225048881305,0.00309758625696635,95.05591589023744
5904185,146,260,853.4848227722621,0.00309758625696635,54.829966216725744
5904185,58,300,3657.180737353194,0.00309758625696635,206.71023960993756
5904185,73,260,2811.1249257328172,0.00309758625696635,86.16118595125087
5904185,36,420,145.2305616400389,0.00309758625696635,120.39991773866132
5904185,149,420,1282.9035067619236,0.00309758625696635,41.7316660135325
5904185,53,300,1294.8464853503274,0.00309758625696635,12.282324227960908
5904185,161,380,3391.038790371718,0.00309758625696635,108.4949902458342
5904185,71,300,1095.6229033922764,0.00309758625696635,61.466241231078996
5904185,57,380,1980.4746315260072,0.00309758625696635,17.218235991532815
5904185,72,220,1693.3795934836623,0.00309758625696635,162.81137864797103
5904185,136,420,337.83976624128354,0.00309758625696635,12.213289254374244
5904185,126,260,1776.436809632432,0.00309758625696635,0
5904185,44,420,0,0.00309758625696635,28.655014889482622
5904185,157,220,493.04778021317935,0.00309758625696635,7.04718692700584
5904185,124,420,0,0.00309758625696635,35.830685690145486
6901773,189,260,787.7749637506096,0.00309758625696635,189.64548749237585
6902545,146,300,619.9437590090212,0.00309758625696635,344.0905201639483
6902545,141,420,384.47418746198747,0.00309758625696635,196.2965781006187
6902545,135,340,488.56457739600637,0.00309758625696635,182.45327907700437
6902545,134,700,500.04349113780364,0.00309758625696635,187.4358766235623
6902545,109,420,331.7444939406797,0.00309758625696635,54.33830966167509
6902545,17,220,1229.4959298883357,0.00309758625696635,710.6056289230964
6902545,203,220,813.7177034320632,0.00309758625696635,89.55230577287551
6902545,126,460,490.55850248692377,0.00309758625696635,171.18243079345987
6902545,195,220,945.7686146383527,0.00309758625696635,583.7070768847977
6902545,74,220,218.73738154470178,0.00309758625696635,40.20233874237874
5906635,65,220,1006.0347207382471,0.00309758625696635,442.85544684041366
5906635,16,260,679.5759334555553,0.00309758625696635,235.61016381525187
5906635,86,500,1397.60737481754,0.00309758625696635,143.28917716960513
5903887,26,420,0,0.00309758625696635,34.41735700402138
5903887,76,220,213.0099521873321,0.00309758625696635,138.70642552569583
6901578,222,380,70.72908931247633,0.00309758625696635,89.30273955792448
6901578,92,420,889.1582041916569,0.00309758625696635,85.9715624225077
6901578,322,380,502.14642932129,0.00309758625696635,55.634250388180135
3901497,190,740,1294.7376385226942,0.00309758625696635,84.25447513199278
3901497,260,260,893.6736356894854,0.00309758625696635,126.25330467246836
5904980,80,660,127.46547919974672,0.00309758625696635,12.19496029146708
5904980,88,500,0,0.00309758625696635,356.920094775136
6902549,32,340,1580.3655526135744,0.00309758625696635,114.6328519271804
6902549,2,420,1783.8484711165438,0.00309758625696635,233.85473473934678
6902549,48,420,305.91277134182315,0.00309758625696635,274.72234137740026
6902549,221,780,1280.6115095869025,0.00309758625696635,63.338857128852155
6902549,72,220,1209.2117774084606,0.00309758625696635,158.36039503853974
6903874,103,820,778.0470729591992,0.00309758625696635,114.73148312706587
5903592,63,340,94.54415517252487,0.00309758625696635,17.596513315724412
5906560,52,460,0,0.00309758625696635,16.452880842754286
4903365,17,220,866.5689049531189,0.00309758625696635,32.430005715336044
6901775,69,300,2056.8819872415997,0.00309758625696635,285.48371163706247
6901775,120,220,231.97007701173945,0.00309758625696635,230.4110184524676
6901775,144,380,535.5266514066723,0.00309758625696635,460.53652751335636
6901775,112,260,590.2877883100113,0.00309758625696635,199.11546703927144
6901775,201,300,233.05968518697065,0.00309758625696635,119.9137608384436
5906541,56,980,0,0.00309758625696635,0
6903549,208,380,506.91527159969877,0.00309758625696635,64.5879500991477
6903549,117,220,974.0544306690584,0.00309758625696635,187.27475500152573
6903549,209,340,1321.6122091101367,0.00309758625696635,115.33934137175027
5905371,72,260,559.9231585835948,0.00309758625696635,171.88528467937576
5905371,77,300,804.175254298062,0.00309758625696635,72.28821890212295
5905371,55,340,1743.2487510756675,0.00309758625696635,122.10211427867527
2903472,7,260,2471.264755688776,0.00309758625696635,2670.6309623080306
5906537,63,300,357.58525122062946,0.00309758625696635,25.251674041523398
5906537,29,300,557.2776952432027,0.00309758625696635,122.83256295401148
5905991,132,260,390.9733449815999,0.00309758625696635,7.072333582773023
5905991,140,420,371.19663973744935,0.00309758625696635,204.85983324890017
1902380,3,300,2491.8615553798377,0.00309758625696635,97.49319455381224
1902380,2,340,2629.4429384846635,0.00309758625696635,111.61003521305122
5906636,47,260,438.22022335747323,0.00309758625696635,71.02725205859842
5906206,165,260,541.2221932282729,0.00309758625696635,199.76301080708117
5904676,25,260,1099.0966697530926,0.00309758625696635,30.22407186731897
5904676,71,380,204.9068907853491,0.00309758625696635,117.23800372726578
5904676,148,500,211.85221445058363,0.00309758625696635,307.66628937675614
5904676,18,380,1215.8873437837174,0.00309758625696635,77.62958032369944
6901512,100,220,993.4922286351195,0.00309758625696635,49.656838688746916
5904678,130,420,3548.8886612557762,0.00309758625696635,248.5847668098184
5906317,70,300,1634.971411020137,0.00309758625696635,20.24965751716147
5906317,71,260,3413.491940989669,0.00309758625696635,986.5102172798447
5906317,59,340,2550.254578547448,0.00309758625696635,27.761389606938845
5906317,99,220,1263.7638969009404,0.00309758625696635,6.917256762377744
5905377,44,380,641.2349952952261,0.00309758625696635,38.96591186350815
5905377,62,220,644.5801147427751,0.00309758625696635,22.7340150131753
5905377,43,380,104.7560341155044,0.00309758625696635,118.56039573528156
5905377,139,220,2817.6088179740063,0.00309758625696635,1568.1300755504526
5905377,113,220,486.571649884689,0.00309758625696635,40.92729676527936
5903718,177,420,283.58877874530873,0.00309758625696635,16.66586851651942
5903718,133,420,0,0.00309758625696635,89.31375918337645
5906972,52,380,4947.1923097269755,0.00309758625696635,225.9827669769566
7900947,1032,340,147.3336789310363,0.00309758625696635,40.353949464572565
6902739,239,540,341.6314190697694,0.00309758625696635,42.82574192221849
5906303,52,300,2722.688781212525,0.00309758625696635,125.62622117214167
5906562,22,260,2152.807858547413,0.00309758625696635,60.35020111954216
5906562,4,420,272.2792539015737,0.00309758625696635,2.6407635084005068
5906518,1,300,1464.5661602900755,0.00309758625696635,96.6519674895614
6902905,363,340,644.565664220328,0.00309758625696635,72.81245398657013
6902905,323,540,602.3193049570341,0.00309758625696635,77.44173063804845
5906000,80,260,5299.922419498633,0.00309758625696635,231.8902632108105
5906000,127,340,682.9925342320165,0.00309758625696635,24.664069226349742
6902669,27,380,1503.6093833937587,0.00309758625696635,185.9964411401048
6902669,26,380,835.0395971493011,0.00309758625696635,145.28756504085305
6901764,127,220,290.2457465468822,0.00309758625696635,103.4307925931877
6901764,72,260,171.11394694050108,0.00309758625696635,136.3630686211726
6901764,8,300,419.2653009205377,0.00309758625696635,245.9593296165892
6903569,40,260,96.32416659542659,0.00309758625696635,287.9808945343895
6903569,11,220,121.25702532318807,0.00309758625696635,42.18588232097167
6903569,62,220,1590.29455431692,0.00309758625696635,245.63204863303997
6903569,106,340,152.601816402202,0.00309758625696635,516.3844470750242
5904767,36,420,233.49621654899963,0.00309758625696635,56.81597828139986
5904767,39,420,209.58792150772476,0.00309758625696635,59.95759687717822
5906551,27,420,0,0.00309758625696635,16.527879634477447
5906470,85,380,853.5212021509383,0.00309758625696635,22.35535452060595
5906212,14,300,1444.6453739070378,0.00309758625696635,47.76528693368749
2903464,11,340,4081.5461534472406,0.00309758625696635,242.6331102878837
2903464,8,300,2319.3313767478166,0.00309758625696635,221.62061091183108
2903464,10,220,1389.428601582312,0.00309758625696635,52.40874929955171
2903464,19,300,1672.1796437904427,0.00309758625696635,201.60801650726052
2903464,37,340,1910.8477634851833,0.00309758625696635,72.5297026964706
2903464,36,340,1148.099499749174,0.00309758625696635,115.77288929730317
5906526,6,420,0,0.00309758625696635,24.361244162388427
5904396,21,540,120.12556704934765,0.00309758625696635,42.02998342768815
5904396,1,340,398.7918382011123,0.00309758625696635,41.04478939651848
5904396,61,420,0,0.00309758625696635,76.86607751873937
6902548,195,300,316.496001662512,0.00309758625696635,213.78609052256365
6902548,109,300,795.1607344922141,0.00309758625696635,135.40905493823755
6902548,187,500,1165.7878881910624,0.00309758625696635,255.10854445563967
6902548,117,260,514.231589830168,0.00309758625696635,232.12828891454842
6902548,213,300,646.0535671504855,0.00309758625696635,95.56204186495519
5906508,16,300,553.4714998498158,0.00309758625696635,86.86116615387691
4903488,48,340,1210.744880701846,0.00309758625696635,265.51166635626583
4903488,18,420,287.3392996716458,0.00309758625696635,98.93213374485829
5905099,91,300,1158.3872980349017,0.00309758625696635,63.14239780184133
5905099,95,260,1243.5738844824612,0.00309758625696635,223.14529915542337
5905099,96,340,961.9958221715159,0.00309758625696635,51.59211302187139
6902735,260,340,468.79613651713265,0.00309758625696635,89.82621693939882
6902735,287,300,935.4300669319542,0.00309758625696635,282.58547066321125
6902735,225,340,1262.1057776214968,0.00309758625696635,63.28850635843845
6990505,74,580,1087.1852903140318,0.00309758625696635,57.85675006021671
6990505,51,340,3415.1495371191913,0.00309758625696635,98.67941865619574
5903593,264,380,617.0584149143975,0.00309758625696635,93.55440539702633
4903571,15,340,2827.89830560278,0.00309758625696635,207.16233503872812
5905130,143,380,803.1495010541129,0.00309758625696635,37.09574903912623
5905501,113,700,156.64765408798428,0.00309758625696635,85.47795325374538
5905501,31,740,4.708823353276922,0.00309758625696635,73.11072687887511
6902667,29,340,3322.372859113709,0.00309758625696635,277.24984684291246
6902667,31,340,3255.6983797049597,0.00309758625696635,4079.3947889029023
7900585,213,260,1342.702201821876,0.00309758625696635,378.0231759307776
7900585,95,220,2574.338672275116,0.00309758625696635,7.72221720591262
7900585,143,460,0,0.00309758625696635,81.10579928232227
7900585,199,340,2908.597507632432,0.00309758625696635,770.2426235724736
7900585,203,220,723.5568543841891,0.00309758625696635,141.23166711238443
6903553,71,700,935.5385750611905,0.00309758625696635,125.38922530904128
6903553,91,820,870.4775106411191,0.00309758625696635,115.81967991334764
6903553,107,420,902.2529691079096,0.00309758625696635,48.21683395320758
5906553,11,300,739.571386748124,0.00309758625696635,254.1279769412817
5906553,7,260,2638.764003754469,0.00309758625696635,357.82992498358294
5906553,26,220,716.9111356585755,0.00309758625696635,56.121510125335405
2903858,28,460,696.6946375655127,0.00309758625696635,31.515869912016036
2903858,1,340,1219.665052747041,0.00309758625696635,274.70596676854103
5906569,20,220,599.4606337593214,0.00309758625696635,28.909042681072496
6902903,18,540,537.0076149338862,0.00309758625696635,1044.4680233361823
5905638,184,260,475.0235106811979,0.00309758625696635,25.24131403663749
5905134,133,860,1108.1423290136242,0.00309758625696635,0
1902602,63,460,256.92979738327637,0.00309758625696635,67.97119014015469
1902382,46,380,1529.3805823921118,0.00309758625696635,62.21777767623583
4901802,10,380,1521.1326853567884,0.00309758625696635,187.4770729834601
4901802,30,380,3028.3617667780454,0.00309758625696635,281.3282060980072
4901802,5,420,1210.1990584653083,0.00309758625696635,181.9512583099667
4901802,16,820,641.9561533460549,0.00309758625696635,155.13842121048538
6904118,55,500,333.53166332274304,0.00309758625696635,987.0173759604455
6904118,146,820,343.43782710278435,0.00309758625696635,76.39174697567464
6904118,47,540,1650.6937890958752,0.00309758625696635,140.2107128273619
5906507,150,420,0,0.00309758625696635,0
5906312,40,380,3545.0154774836856,0.00309758625696635,137.26585035610483
6903273,123,300,565.0037067134306,0.00309758625696635,408.0056489360791
6903273,49,220,688.851991709131,0.00309758625696635,119.51020093979619
6903273,79,220,527.4199128716475,0.00309758625696635,507.5596947183755
6903273,205,260,485.16258475233144,0.00309758625696635,126.35899368535873
6903273,189,220,133.6592746823587,0.00309758625696635,147.689646453213
6903273,30,300,54.55188120865903,0.00309758625696635,125.35097366970881
5904105,108,260,1179.125247190343,0.00309758625696635,69.36685438332236
5905373,144,460,0,0.00309758625696635,38.35668471972224
5905373,84,340,0,0.00309758625696635,1.3689873835322268
5905373,142,340,2209.8455398128467,0.00309758625696635,156.4238399078162
5905373,153,340,2613.433684927142,0.00309758625696635,424.60556578238965
5905373,138,220,1838.912645317418,0.00309758625696635,153.2714944492222
5905373,90,220,0,0.00309758625696635,62.93902846889716
1902457,23,340,3985.0902525060906,0.00309758625696635,191.50221898109595
6901004,122,540,517.7040332144863,0.00309758625696635,119.91636193411986
6901004,51,580,522.1954296984268,0.00309758625696635,134.26657069387184
6901004,269,300,728.5990724652148,0.00309758625696635,198.56269257617782
6901004,230,300,37.03365756508641,0.00309758625696635,164.97196899261257
6901004,139,380,685.1557001775654,0.00309758625696635,198.89443794070021
6901004,208,420,331.67248562006307,0.00309758625696635,108.97174502787699
6901521,60,460,117.27238560205153,0.00309758625696635,148.83818591376067
5904660,53,300,880.2684835548455,0.00309758625696635,53.83069919982687
5904660,40,420,221.54883366805498,0.00309758625696635,39.51926329476206
5904660,54,340,44.09250305849433,0.00309758625696635,1.8093322974081523
6901486,133,540,117.1914471877833,0.00309758625696635,92.81433132942628
6901486,146,780,54.976286889684886,0.00309758625696635,40.96958305059281
6901486,95,300,162.96846244665358,0.00309758625696635,92.53896876005831
6901486,66,380,140.70347642366738,0.00309758625696635,168.5219278530166
6901486,338,220,847.4056693386865,0.00309758625696635,294.11925738827006
6901486,27,300,220.38121465404438,0.00309758625696635,243.28613384596753
6901486,270,500,48.69504311998671,0.00309758625696635,73.11906414486282
6901486,67,780,240.6635490863241,0.00309758625696635,103.82369680676166
6901768,93,260,0,0.00309758625696635,59.82466733455501
6901583,141,620,702.0571754689034,0.00309758625696635,142.8238526082814
6901583,162,660,0,0.00309758625696635,85.78655731323882
6901583,250,620,809.4907578616858,0.00309758625696635,80.96959330784283
6901583,254,220,610.3322082774055,0.00309758625696635,222.12429649610448
6901583,158,460,782.3822111068042,0.00309758625696635,103.55179041152061
6901583,211,300,1293.4970120266396,0.00309758625696635,102.08394485033942
6901582,152,220,400.5026617672423,0.00309758625696635,230.39851936698744
6901582,167,260,833.1384169008164,0.00309758625696635,188.04218834464803
2903794,70,260,1015.8193458118727,0.00309758625696635,251.28292937082938
5904471,133,340,295.2898802852881,0.00309758625696635,7.18190730436141
5904471,83,300,59.986020030797,0.00309758625696635,252.6429799621074
5907052,1,260,530.8260029978281,0.00309758625696635,109.18935503775015
5904856,36,460,127.62848351899474,0.00309758625696635,61.093329793381415
5904856,18,700,102.07076227818023,0.00309758625696635,56.99819268137658
5904856,44,460,1067.815314251595,0.00309758625696635,56.98101535846873
5906511,28,340,3023.6711063646444,0.00309758625696635,39.75727106126346
5906443,4,580,74.15513955829896,0.00309758625696635,35.18734211804751
1902643,11,460,0,0.00309758625696635,15.19049972532649
6903592,74,260,865.3422332453785,0.00309758625696635,249.88409280597054
6903592,70,220,426.74828044295515,0.00309758625696635,188.13482890567687
6903592,71,580,250.96960239440006,0.00309758625696635,113.00711646497957
6903592,66,220,1324.8688446417545,0.00309758625696635,128.8970769141454
5904765,16,260,2891.976804608842,0.00309758625696635,4.989797647187947
6903551,4,220,772.1860257022813,0.00309758625696635,180.6869634259834
6903551,10,620,343.2149054086796,0.00309758625696635,84.32170959304216
5906538,66,260,2530.6266241001053,0.00309758625696635,154.87793959882276
5905135,118,380,220.73848281932564,0.00309758625696635,70.85068066580106
5906542,29,420,496.3176652472135,0.00309758625696635,35.364851927423466
5906542,62,380,457.1908996785176,0.00309758625696635,42.91645832869996
5904845,21,220,918.0107134363462,0.00309758625696635,26.022630424342733
5904684,22,220,1229.516765248702,0.00309758625696635,149.1331847742291
5904474,75,300,1624.5696844683373,0.00309758625696635,220.3116890447992
6901688,63,260,0,0.00309758625696635,475.43776224551004
6901688,78,580,454.9191577065998,0.00309758625696635,622.430947226905
5904682,1,260,0,0.00309758625696635,119.98998740825112
5904682,159,220,382.5143584883903,0.00309758625696635,53.422818873920505
5904682,3,340,1352.8598089861712,0.00309758625696635,409.36588529809484
5904682,25,380,6479.776951695605,0.00309758625696635,957.1067899654126
6902904,194,220,207.02702355111305,0.00309758625696635,270.50787027787493
6902904,47,340,232.81384297770455,0.00309758625696635,195.2724874176775
6902904,50,220,289.46174340505644,0.00309758625696635,183.51395535703875
6902904,52,260,803.4754356320387,0.00309758625696635,268.67144307771133
6902904,46,380,273.88307735575563,0.00309758625696635,170.98522316722094
5904686,42,340,51.678456398086425,0.00309758625696635,120.75262204770218
5904686,34,500,340.8110280295146,0.00309758625696635,116.12052624247303
5904686,36,260,1457.6530180184832,0.00309758625696635,306.15593958146906
5904686,19,260,3990.1078902138124,0.00309758625696635,319.8109536745825
5904686,4,380,1026.4352086095128,0.00309758625696635,244.58590531035628
5904686,43,340,1245.7910980258164,0.00309758625696635,236.37188420159885
5904686,31,220,531.6060364284327,0.00309758625696635,199.18513282409072
5904686,33,220,962.2199220293603,0.00309758625696635,184.56208253562065
5904661,51,260,745.1642001537508,0.00309758625696635,331.5124857035179
5903274,188,420,0,0.00309758625696635,26.95598855519215
6902668,28,380,2532.4572641322306,0.00309758625696635,275.2701158449726
6902668,65,300,2279.881069686018,0.00309758625696635,185.2656323852737
5906315,28,540,0,0.00309758625696635,24.016768785797883
5906315,25,420,984.0247498339822,0.00309758625696635,96.39221139669947
4903532,19,220,1973.4878859892992,0.00309758625696635,271.89205480788826
6902953,25,260,1829.4944459823157,0.00309758625696635,232.06882798304304
6902953,23,260,1296.3261848613895,0.00309758625696635,205.51817792264362
6902953,17,220,1723.6168510937835,0.00309758625696635,229.66347080178033
6902953,20,260,3624.3414538984175,0.00309758625696635,894.3081095468692
5906296,77,420,0,0.00309758625696635,44.710822117663184
6902828,207,300,76.37127211756496,0.00309758625696635,51.70892746109885
5904683,48,540,0,0.00309758625696635,35.175143884393904
5904104,188,340,208.7160780822251,0.00309758625696635,25.739333404325386
7901001,69,660,490.49374771896464,0.00309758625696635,80.2858215599096
7901001,43,340,1109.9471979608695,0.00309758625696635,129.25317208335926
1902304,159,700,927.0521838680992,0.00309758625696635,98.78607963351251
6903025,83,340,367.65297667557127,0.00309758625696635,79.09777684646821
6903025,122,340,871.0905625776487,0.00309758625696635,95.18296542729445
5905072,37,460,405.05282077023895,0.00309758625696635,33.47632807374817
5905072,127,260,1463.214884276994,0.00309758625696635,55.3954017735658
5905072,86,300,587.8398564569214,0.00309758625696635,155.09467276127742
5905072,103,220,3820.3122057102432,0.00309758625696635,202.19726048185592
5905072,48,500,230.3686260990523,0.00309758625696635,41732.13089424425
5905072,105,260,449.70239950321513,0.00309758625696635,82.5412184367265
5905072,89,260,671.516031122272,0.00309758625696635,106.66213871067654
5905072,45,220,1639.6624579950858,0.00309758625696635,117.5356109216091
5905072,143,420,338.81615036599163,0.00309758625696635,59.43004712593233
5906039,276,340,2785.44489227379,0.00309758625696635,25.117940683016236
5906039,191,420,0,0.00309758625696635,29.508786342598682
5905103,139,260,602.6920986999112,0.00309758625696635,138.4295094467813
5905103,57,260,371.11179930159744,0.00309758625696635,22.571484010397267
5904476,26,260,1099.5946893296339,0.00309758625696635,209.64667358059603
5904476,34,700,2082.1349298801324,0.00309758625696635,128.59527829832277
5904021,84,300,0,0.00309758625696635,89.39822788009185
1902453,24,260,2081.981222088595,0.00309758625696635,148.49625430757143
5906472,57,300,248.65922307245214,0.00309758625696635,53.63800221129448
5906035,2,300,2531.5122094079543,0.00309758625696635,174.4546855504304
5906035,136,380,1889.485470887229,0.00309758625696635,56.9465666252584
5906035,19,380,1525.4319937742307,0.00309758625696635,135.07139009244997
5906035,137,300,2222.1559121191945,0.00309758625696635,196.53001877967256
5906035,132,380,320.6999972044863,0.00309758625696635,194.5851491634433
5906035,48,500,438.8717794993884,0.00309758625696635,41.186128319009164
5906035,129,300,594.1153106582823,0.00309758625696635,288.4842278344279
6901646,62,620,749.1958960793311,0.00309758625696635,25.898638880117506
6901646,67,500,482.6918603032798,0.00309758625696635,42.55323866561216
6901769,138,340,114.34313797452106,0.00309758625696635,113.85597715389493
6901769,64,220,167.31828386212564,0.00309758625696635,86.899500915499
6901769,62,220,533.6617480883123,0.00309758625696635,81.53081027873999
6901657,55,340,334.0655909707274,0.00309758625696635,520.5656215726962
5904673,39,220,345.0442754900467,0.00309758625696635,43.97544639313386
5904673,106,260,856.0276702511978,0.00309758625696635,268.0640003637693
5904673,35,300,3062.9425235669923,0.00309758625696635,196.2693768295555
5904673,20,220,1271.1794641865981,0.00309758625696635,174.13287151917496
5904673,46,260,20.430031518147217,0.00309758625696635,43.14393097342145
5904673,99,220,1081.9926588976944,0.00309758625696635,203.34805293609477
5904673,64,500,123.59477407752522,0.00309758625696635,85.14185162064663
5904673,10,220,1748.487737497068,0.00309758625696635,85.62360799936029
5904673,41,260,1674.2012232144002,0.00309758625696635,54.52978150205083
5904673,88,260,3028.4107643340835,0.00309758625696635,83.60925428797722
2903463,8,220,2576.138947772628,0.00309758625696635,90.19081143347748
2903463,40,340,0,0.00309758625696635,54.519717566565795
2903463,7,220,5074.411520367493,0.00309758625696635,173.6945773895991
5905071,34,300,3600.196304597558,0.00309758625696635,74.24913337022959
5905071,35,260,445.0531434066757,0.00309758625696635,200.67714679322665
5905071,43,460,57.0921255951408,0.00309758625696635,87.95603913142274
5905071,9,500,441.7900155076634,0.00309758625696635,17.306875068527926
5905071,25,900,421.99692012747306,0.00309758625696635,34.31463932958647
5906213,66,460,2807.0742666079877,0.00309758625696635,95.23548626842425
5906293,70,260,538.1918268257405,0.00309758625696635,101.6029740204834
5906293,12,260,1484.3069460964912,0.00309758625696635,82.53224018685434
5906293,93,300,0,0.00309758625696635,111.36037636384413
6901485,101,460,160.61698892686374,0.00309758625696635,41.40064701382223
5904846,63,220,271.07671527202314,0.00309758625696635,355.05189598447896
5904179,122,220,1396.8597851571503,0.00309758625696635,25.425771884840792
5904179,138,500,111.49594120667152,0.00309758625696635,120.17025490217956
5904179,128,340,798.8710751755711,0.00309758625696635,27.083532165777832
5904179,106,260,1279.183578384511,0.00309758625696635,28.976718126888706
5906438,43,860,565.1500536685373,0.00309758625696635,48.79225041482611
5904984,59,500,1048.531313845293,0.00309758625696635,79.14878482873316
5904984,17,340,761.7064517485936,0.00309758625696635,21.08023676879495
5904984,50,620,1096.086066844665,0.00309758625696635,177.8986998285258
5904984,61,660,616.6833360652931,0.00309758625696635,62.24037710443344
5904984,18,300,73.07539248361061,0.00309758625696635,69.93109400495185
5904984,25,940,484.6898589363671,0.00309758625696635,29.41689515722903
5904984,15,460,403.2441782568037,0.00309758625696635,77.16062157581167
5904984,31,460,460.4750211949359,0.00309758625696635,94.25060582813121
5904984,70,420,668.674007414829,0.00309758625696635,65.05244567664569
5904984,69,420,623.7110982639391,0.00309758625696635,56.19860931504033
5906544,4,220,382.1233008591474,0.00309758625696635,107.31720260533882
5905079,72,420,0,0.00309758625696635,32.10002887085942
5905079,74,260,361.4395633232208,0.00309758625696635,590.1207187146748
5905079,101,660,639.6169689641413,0.00309758625696635,62.58676046202664
1902454,47,220,3294.704984900813,0.00309758625696635,88.85576984541134
1902454,24,300,4085.7906790039133,0.00309758625696635,183.20256831968567
1902454,33,340,5400.906648289056,0.00309758625696635,187.3463293026511
3902122,219,220,1736.7934012136911,0.00309758625696635,115.38219325671386
3902122,281,260,0,0.00309758625696635,18.461730712494894
5906220,76,220,1078.1525971712963,0.00309758625696635,292.61796731189526
5906220,24,420,0,0.00309758625696635,0
5906220,77,260,1000.9265879593473,0.00309758625696635,244.71543267326945
5906220,51,420,683.8511781209021,0.00309758625696635,20.57320826061203
5906220,61,220,1964.887042921622,0.00309758625696635,158.8345262629375
5906220,37,460,697.0778559328381,0.00309758625696635,196.8139341113705
5906209,15,460,739.7685516211018,0.00309758625696635,5.554193795765452
4903462,3,220,1729.0166073405119,0.00309758625696635,106.4234221914332
5906226,107,860,171.3498519502129,0.00309758625696635,39.08535364399841
5906226,31,220,885.3278426993913,0.00309758625696635,96.8984948064284
5905996,34,220,1026.9215166209538,0.00309758625696635,300.3733346851111
7900561,80,300,944.2220528603402,0.00309758625696635,147.5824350363744
2903466,4,340,4832.803353273904,0.00309758625696635,22067.595015628467
5905505,86,220,2536.146171512717,0.00309758625696635,556.0229545461559
5906576,46,540,1981.6547561334582,0.00309758625696635,14.885009340534568
5906033,139,420,387.34084248287525,0.00309758625696635,82.198758237633
5906033,3,220,634.7229185624311,0.00309758625696635,69.94120028824459
5904672,60,220,4523.508482696694,0.00309758625696635,517.1802001065041
5904468,70,420,345.427418383343,0.00309758625696635,34.94204887498633
5904468,36,420,362.97609215849917,0.00309758625696635,18.60579514006183
5904468,90,340,769.2847774626306,0.00309758625696635,145.3053849042371
5904468,64,220,177.1324179151125,0.00309758625696635,29.15787648587879
5904468,96,420,642.478840038449,0.00309758625696635,28.448072412873675
5905073,44,380,1017.5537602896317,0.00309758625696635,52.04488794072695
5905073,92,340,831.4724393630534,0.00309758625696635,69.08436442920565
5905073,39,260,361.6581770600193,0.00309758625696635,93.80616292200945
5905073,28,220,418.061483452894,0.00309758625696635,112.81124467542499
5905073,48,260,1342.799303930248,0.00309758625696635,247.4530126816482
5905073,61,340,18.588743140089676,0.00309758625696635,75.42183573825223
5905073,45,580,523.3334301328332,0.00309758625696635,23.5239151627975
5905073,94,300,732.978476197272,0.00309758625696635,198.51401237020434
5905073,43,220,36.12397510927298,0.00309758625696635,111.20653172611412
5905073,25,380,926.778090390963,0.00309758625696635,69.7905873680488
5905073,97,380,453.90857867361785,0.00309758625696635,65.42344872184914
5905073,15,300,1069.1641228221256,0.00309758625696635,117.57427190590066
5904688,106,220,1208.7153897489873,0.00309758625696635,88.60722817297558
5904688,81,260,2090.5859365339766,0.00309758625696635,49.56334757910017
5904688,84,260,596.4935267088869,0.00309758625696635,56.42595929183754
5906249,120,660,0,0.00309758625696635,62.654274100764226
3902556,2,660,1087.8509803311417,0.00309758625696635,55.50200892608138
2902092,52,340,287.5224776352616,0.00309758625696635,122.11999338370372
6904241,15,420,290.3014032088205,0.00309758625696635,111.77528525513783
5906509,32,540,532.8622825592325,0.00309758625696635,25.900070307385754
6901514,34,460,1492.8936980948279,0.00309758625696635,946.7266551260561
5905076,69,420,0,0.00309758625696635,69.30315462380813
5905076,99,300,1456.6272243058509,0.00309758625696635,142.22436835446328
5905076,105,460,277.7821179836016,0.00309758625696635,225.99519363053875
7900562,194,260,1568.481546079085,0.00309758625696635,140.77767576019423
6901649,172,260,0,0.00309758625696635,123.47938576052972
5906308,36,580,3181.0969664989393,0.00309758625696635,67.45498149032075
5906489,36,460,2203.2096809907607,0.00309758625696635,68.35650351511282
5904188,13,380,1763.8904224220782,0.00309758625696635,36.5807808581629
5906491,59,420,423.40375627893707,0.00309758625696635,97.96458813040334
6902550,139,420,162.5936608044472,0.00309758625696635,116.87232431161874
6902550,199,340,724.5217023951569,0.00309758625696635,112.99062609921519
6902550,225,700,355.93670922841363,0.00309758625696635,26.38164519627546
6902550,180,620,113.85476508831346,0.00309758625696635,16.428586727590197
6902550,227,540,473.8207041395185,0.00309758625696635,40.427908324084676
6902550,151,500,466.83602356262514,0.00309758625696635,71.09703234541836
5905372,99,220,404.2044197649101,0.00309758625696635,118.04513775912524
5905372,105,300,514.3115440549029,0.00309758625696635,59.331383321256936
5905372,55,380,1795.6917224767153,0.00309758625696635,43.81824277811768
6901771,98,260,480.18162428960505,0.00309758625696635,169.98790305220194
6901771,118,300,199.27038939137321,0.00309758625696635,167.4750226522133
5904854,47,340,567.8096201117808,0.00309758625696635,50.07479823732816
5904185,152,380,679.8535574805901,0.00309758625696635,18.03157606422536
5904185,121,220,3492.2005323408284,0.00309758625696635,42.52588091529422
5904472,101,260,315.7165168512541,0.00309758625696635,19.472460722176525
6901773,4,380,266.92684546653686,0.00309758625696635,69.0443480334937
6902545,193,300,170.74467060102606,0.00309758625696635,92.41623151776098
6902545,31,740,359.4325831399236,0.00309758625696635,62.567345262436426
6902545,7,260,303.1201799170044,0.00309758625696635,80.48072359459051
6902545,158,220,1439.558092279299,0.00309758625696635,1487.584705917536
6902545,133,820,219.1267494422629,0.00309758625696635,75.36316855209941
6903550,71,300,1051.1038396001745,0.00309758625696635,162.75694889128602
6904240,28,420,269.9898425834086,0.00309758625696635,173.32782716563162
6904240,30,380,415.26217823845565,0.00309758625696635,126.75906147439264
6904240,7,940,187.6669916708873,0.00309758625696635,44.7744029977673
5904766,137,300,137.1983206208945,0.00309758625696635,23.495333677232182
5904766,100,300,498.45289192198874,0.00309758625696635,324.8287382674876
5904766,52,340,809.4488839104561,0.00309758625696635,49.91102942239072
5904766,74,700,34.743918635353126,0.00309758625696635,22.16015527131988
5904766,96,460,1063.5124137647388,0.00309758625696635,181.56608026512944
5904766,45,260,592.123180870427,0.00309758625696635,33.40750976934402
5904766,138,380,2068.2713702084875,0.00309758625696635,206.4468107161384
5904766,69,340,376.0000955670361,0.00309758625696635,152.03856959030952
5904766,131,460,740.8234975294062,0.00309758625696635,127.56520674772264
5904766,71,540,569.7898107553143,0.00309758625696635,41.60481809840763
5904766,55,420,728.8189761980293,0.00309758625696635,50.86587509034616
5904766,24,260,4720.548274533245,0.00309758625696635,935.7796687793804
5904766,92,380,1398.7437986090401,0.00309758625696635,48.13349065675158
5904766,3,300,901.4923050193156,0.00309758625696635,249.13485457770014
5904766,84,220,1204.548050439519,0.00309758625696635,84.36822796490313
5904766,121,220,216.14677154271084,0.00309758625696635,65.15131749135323
5904766,49,420,1967.4616881232982,0.00309758625696635,38.29568965933982
5904766,9,380,1646.9636117186815,0.00309758625696635,108.93277725332187
5904766,83,420,770.628761741383,0.00309758625696635,36.029796270101755
5904766,107,420,42.80423748623598,0.00309758625696635,21.205534116527918
5904766,88,300,1873.4456631894889,0.00309758625696635,79.75519077528506
5904766,82,500,388.93865430443293,0.00309758625696635,45.925869906449435
5904766,37,380,117.11842453530684,0.00309758625696635,24.619259974806496
2903456,30,700,561.873994710528,0.00309758625696635,27.647098626364613
6903555,78,220,668.1437580671229,0.00309758625696635,104.83462058822965
6903555,79,220,115.76904111159847,0.00309758625696635,28.163687106591496
4903456,30,220,4160.782320931347,0.00309758625696635,1814.8725336319624
5906316,99,220,302.82884459965203,0.00309758625696635,30.663787994847567
1902593,48,260,72.97962675603283,0.00309758625696635,204.23124080534785
1902593,46,220,2757.080359456648,0.00309758625696635,553.3981584825502
1902593,53,260,1544.1584942067927,0.00309758625696635,245.18868708682086
1902593,54,460,1046.9077455859433,0.00309758625696635,83.1426860734114
1902593,21,620,967.9396854955764,0.00309758625696635,671.4897683894494
6902544,2,340,1013.6604493788909,0.00309758625696635,192.13203816345526
6902544,12,420,873.6590865309771,0.00309758625696635,254.7371804155695
6902544,43,500,234.98248549850837,0.00309758625696635,161.50940471099287
6901774,85,340,517.7930641591845,0.00309758625696635,322.18345784315517
